14:11:42.331 CLONE quota status request=AD942C2B-661A-4CA5-8888-3A876F1EEB54 policy=monthly_120_v1 remaining=7200
14:11:42.332 CLONE quota status request=BD2AC221-2A87-4821-ADCC-F1434F6D6123 policy=monthly_120_v1 remaining=7200
14:11:42.381 CLONE quota stale snapshot ignored read=4 applied=5
14:11:44.674 CLONE quota status request=889151E0-70DF-425E-9170-494387D764B8 policy=monthly_120_v1 remaining=7200
14:12:05.343 AUDIO session claimed owner=readAloud gen=1
14:12:05.346 READ generate start para=0 epoch=1 chars=69
14:12:05.348 AUDIO producer expected=Y owner=readAloud gen=1 segment=nil
14:12:05.416 TEXT refocus read para=0 token=0
14:12:05.418 TTS part begin para=0 part=0 request=cr2-734aa289eacb3d665bcbac2dfab2bd7cfce5631a0048dab2c9ab38aaada1f32d priority=interactive
14:12:05.419 TTS schedule dispatch request=cr2-734aa289eacb3d665bcbac2dfab2bd7cfce5631a0048dab2c9ab38aaada1f32d priority=interactive queueMs=0 active=1 pending=0
14:12:05.649 HOST refocus-burst reason=appear pass=1 token=1 mode=朗读 size=0x0
14:12:05.683 TEXT refocus read para=0 token=0
14:12:06.345 HOST refocus-burst reason=appear pass=2 token=2 mode=朗读 size=0x0
14:12:06.373 TEXT refocus read para=0 token=1
14:12:07.507 HOST refocus-burst reason=appear pass=3 token=3 mode=朗读 size=0x0
14:12:07.538 TEXT refocus read para=0 token=2
14:12:09.594 HOST refocus-burst reason=appear pass=4 token=4 mode=朗读 size=0x0
14:12:09.622 TEXT refocus read para=0 token=3
14:12:23.550 TTS clone response request=cr2-734aa289eacb3d665bcbac2dfab2bd7cfce5631a0048dab2c9ab38aaada1f32d status=200 quota=async attempt=1 remaining=7193
14:12:23.597 READ segment ready para=0 seg=0 count=1 duration=4.22
14:12:23.598 AUDIO enqueue segment=0-0 queue=1 waiting=N auto=Y
14:12:23.598 AUDIO stage segment=0-0 index=0/1 duration=4.22
14:12:23.637 TTS part begin para=0 part=1 request=cr2-eff82a6837f02443cfba0840bc9ad0411941d112a6ab55cf2fb51ece120fcbad priority=interactive
14:12:23.638 TEXT refocus read para=0 token=4
14:12:23.639 TTS schedule dispatch request=cr2-eff82a6837f02443cfba0840bc9ad0411941d112a6ab55cf2fb51ece120fcbad priority=interactive queueMs=0 active=1 pending=0
14:12:23.655 AUDIO ready segment=0-0 duration=4.22 auto=Y
14:12:23.674 AUDIO state reason=time-control actual=paused waiting=Y rate=1.25 segment=0-0
14:12:23.693 AUDIO state reason=time-control actual=playing waiting=N rate=1.25 segment=0-0
14:12:24.685 TTS clone response request=cr2-eff82a6837f02443cfba0840bc9ad0411941d112a6ab55cf2fb51ece120fcbad status=200 quota=async attempt=1 remaining=7187
14:12:24.708 READ segment ready para=0 seg=1 count=2 duration=5.66
14:12:24.708 AUDIO enqueue segment=0-1 queue=2 waiting=N auto=Y
14:12:24.714 TEXT refocus read para=0 token=4
14:12:24.715 TTS part begin para=0 part=2 request=cr2-c5cfa95dd0b72e003ed187663a63d50b13e4775ba37de83efeac27502417ce47 priority=interactive
14:12:24.715 TTS schedule dispatch request=cr2-c5cfa95dd0b72e003ed187663a63d50b13e4775ba37de83efeac27502417ce47 priority=interactive queueMs=0 active=1 pending=0
14:12:26.648 TTS clone response request=cr2-c5cfa95dd0b72e003ed187663a63d50b13e4775ba37de83efeac27502417ce47 status=200 quota=async attempt=1 remaining=7180
14:12:26.658 READ segment ready para=0 seg=2 count=3 duration=6.22
14:12:26.659 AUDIO enqueue segment=0-2 queue=3 waiting=N auto=Y
14:12:26.674 TEXT refocus read para=0 token=4
14:12:26.674 READ generate done para=0 epoch=1 segs=3
14:12:26.675 READ prefetch start para=1 epoch=1 chars=80 streaming=Y
14:12:26.690 TTS part begin para=1 part=0 request=cr2-b4def0069a8d5817c68410aff23bac84b84e793c47a8766e8d509abcc072d3d8 priority=readAhead
14:12:26.704 TTS schedule dispatch request=cr2-b4def0069a8d5817c68410aff23bac84b84e793c47a8766e8d509abcc072d3d8 priority=readAhead queueMs=0 active=1 pending=0
14:12:27.143 AUDIO item finished segment=0-0 index=0/3
14:12:27.143 AUDIO advance segment from=0-0 to=0-1
14:12:27.144 AUDIO stage segment=0-1 index=1/3 duration=5.66
14:12:27.174 AUDIO ready segment=0-1 duration=5.66 auto=Y
14:12:27.194 AUDIO state reason=time-control actual=paused waiting=Y rate=1.25 segment=0-1
14:12:27.221 AUDIO state reason=time-control actual=playing waiting=N rate=1.25 segment=0-1
14:12:27.751 TTS clone response request=cr2-b4def0069a8d5817c68410aff23bac84b84e793c47a8766e8d509abcc072d3d8 status=200 quota=async attempt=1 remaining=7178
14:12:27.781 READ prefetch playable para=1 seg=0 buffered=1
14:12:27.782 TTS part begin para=1 part=1 request=cr2-2adc42bec846135fcd7fb4247db7861d329c80d46d5dbb3ca82efa534bd83457 priority=readAhead
14:12:27.782 TTS schedule dispatch request=cr2-2adc42bec846135fcd7fb4247db7861d329c80d46d5dbb3ca82efa534bd83457 priority=readAhead queueMs=0 active=1 pending=0
14:12:28.990 TTS clone response request=cr2-2adc42bec846135fcd7fb4247db7861d329c80d46d5dbb3ca82efa534bd83457 status=200 quota=async attempt=1 remaining=7172
14:12:29.021 READ prefetch playable para=1 seg=1 buffered=2
14:12:29.021 TTS part begin para=1 part=2 request=cr2-cf2bb1c69607efa39060eb2de6e87b719f7f0386d07d3b8db20cc97e938ee849 priority=readAhead
14:12:29.022 TTS schedule dispatch request=cr2-cf2bb1c69607efa39060eb2de6e87b719f7f0386d07d3b8db20cc97e938ee849 priority=readAhead queueMs=0 active=1 pending=0
14:12:30.017 TTS clone response request=cr2-cf2bb1c69607efa39060eb2de6e87b719f7f0386d07d3b8db20cc97e938ee849 status=200 quota=async attempt=1 remaining=7169
14:12:30.033 READ prefetch playable para=1 seg=2 buffered=3
14:12:30.034 TTS part begin para=1 part=3 request=cr2-3447ded7b011d245b491216335ce95d03c41fe5a579ebcb2ef1c0810d52b5133 priority=readAhead
14:12:30.049 TTS schedule dispatch request=cr2-3447ded7b011d245b491216335ce95d03c41fe5a579ebcb2ef1c0810d52b5133 priority=readAhead queueMs=0 active=1 pending=0
14:12:31.010 TTS clone response request=cr2-3447ded7b011d245b491216335ce95d03c41fe5a579ebcb2ef1c0810d52b5133 status=200 quota=async attempt=1 remaining=7162
14:12:31.027 READ prefetch playable para=1 seg=3 buffered=4
14:12:31.027 READ prefetch done para=1 epoch=1 segs=4 promoted=false
14:12:31.807 AUDIO item finished segment=0-1 index=1/3
14:12:31.808 AUDIO advance segment from=0-1 to=0-2
14:12:31.808 AUDIO stage segment=0-2 index=2/3 duration=6.22
14:12:31.842 AUDIO ready segment=0-2 duration=6.22 auto=Y
14:12:31.861 AUDIO state reason=time-control actual=paused waiting=Y rate=1.25 segment=0-2
14:12:31.881 AUDIO state reason=time-control actual=playing waiting=N rate=1.25 segment=0-2
14:12:36.921 AUDIO item finished segment=0-2 index=2/3
14:12:36.921 AUDIO queue complete segment=0-2 queue=3
14:12:36.921 READ completion accepted para=0 status=ready
14:12:36.922 READ advance from=0 readable=5 status=ready prefetching=- prefetched=1
14:12:36.930 READ checkpoint saved source=text item=79d6e6869e55 para=0 seg=2 time=6.216 offset=42 visual=true reflow=false word=- fraction=0.0
14:12:36.932 READ prefetch promote para=1 segs=4
14:12:36.933 AUDIO stage segment=1-0 index=0/4 duration=3.02
14:12:36.935 AUDIO stage reused segment=1-0
14:12:36.937 READ prefetch start para=2 epoch=1 chars=73 streaming=Y
14:12:36.961 TEXT refocus read para=1 token=4
14:12:36.962 TTS part begin para=2 part=0 request=cr2-306c5a53ee70eb464cdbb93624e94d9755eb21ce112e00325a435acdb7765d0b priority=readAhead
14:12:36.963 TTS schedule dispatch request=cr2-306c5a53ee70eb464cdbb93624e94d9755eb21ce112e00325a435acdb7765d0b priority=readAhead queueMs=0 active=1 pending=0
14:12:36.978 AUDIO ready segment=1-0 duration=3.02 auto=Y
14:12:36.979 AUDIO state reason=time-control actual=paused waiting=Y rate=1.25 segment=1-0
14:12:37.001 AUDIO state reason=time-control actual=playing waiting=N rate=1.25 segment=1-0
14:12:37.987 TTS clone response request=cr2-306c5a53ee70eb464cdbb93624e94d9755eb21ce112e00325a435acdb7765d0b status=200 quota=async attempt=1 remaining=7160
14:12:38.004 READ prefetch playable para=2 seg=0 buffered=1
14:12:38.019 TTS part begin para=2 part=1 request=cr2-e9924199359800be2f7b36982e59aa523bac7ea0718e6c14f761e60645f77f61 priority=readAhead
14:12:38.020 TTS schedule dispatch request=cr2-e9924199359800be2f7b36982e59aa523bac7ea0718e6c14f761e60645f77f61 priority=readAhead queueMs=0 active=1 pending=0
14:12:39.492 AUDIO item finished segment=1-0 index=0/4
14:12:39.492 AUDIO advance segment from=1-0 to=1-1
14:12:39.493 AUDIO stage segment=1-1 index=1/4 duration=5.57
14:12:39.494 AUDIO stage reused segment=1-1
14:12:39.520 AUDIO ready segment=1-1 duration=5.57 auto=Y
14:12:39.539 AUDIO state reason=time-control actual=paused waiting=Y rate=1.25 segment=1-1
14:12:39.567 AUDIO state reason=time-control actual=playing waiting=N rate=1.25 segment=1-1
14:12:40.216 TTS clone response request=cr2-e9924199359800be2f7b36982e59aa523bac7ea0718e6c14f761e60645f77f61 status=200 quota=async attempt=1 remaining=7151
14:12:40.248 READ prefetch playable para=2 seg=1 buffered=2
14:12:40.249 TTS part begin para=2 part=2 request=cr2-1794f600a6aa97f33270e2591ff332625ba3caf59f67a5ddeba453cfcef12bdd priority=readAhead
14:12:40.249 TTS schedule dispatch request=cr2-1794f600a6aa97f33270e2591ff332625ba3caf59f67a5ddeba453cfcef12bdd priority=readAhead queueMs=0 active=1 pending=0
14:12:42.376 TTS clone response request=cr2-1794f600a6aa97f33270e2591ff332625ba3caf59f67a5ddeba453cfcef12bdd status=200 quota=async attempt=1 remaining=7145
14:12:42.393 READ prefetch playable para=2 seg=2 buffered=3
14:12:42.408 READ prefetch done para=2 epoch=1 segs=3 promoted=false
14:12:44.074 AUDIO item finished segment=1-1 index=1/4
14:12:44.074 AUDIO advance segment from=1-1 to=1-2
14:12:44.075 AUDIO stage segment=1-2 index=2/4 duration=3.65
14:12:44.075 AUDIO stage reused segment=1-2
14:12:44.102 AUDIO ready segment=1-2 duration=3.65 auto=Y
14:12:44.121 AUDIO state reason=time-control actual=paused waiting=Y rate=1.25 segment=1-2
14:12:44.149 AUDIO state reason=time-control actual=playing waiting=N rate=1.25 segment=1-2
14:12:47.115 AUDIO item finished segment=1-2 index=2/4
14:12:47.115 AUDIO advance segment from=1-2 to=1-3
14:12:47.116 AUDIO stage segment=1-3 index=3/4 duration=5.81
14:12:47.116 AUDIO stage reused segment=1-3
14:12:47.144 AUDIO ready segment=1-3 duration=5.81 auto=Y
14:12:47.162 AUDIO state reason=time-control actual=paused waiting=Y rate=1.25 segment=1-3
14:12:47.192 AUDIO state reason=time-control actual=playing waiting=N rate=1.25 segment=1-3
14:12:51.886 AUDIO item finished segment=1-3 index=3/4
14:12:51.886 AUDIO queue complete segment=1-3 queue=4
14:12:51.887 READ completion accepted para=1 status=ready
14:12:51.887 READ advance from=1 readable=5 status=ready prefetching=- prefetched=2
14:12:51.896 READ checkpoint saved source=text item=79d6e6869e55 para=1 seg=3 time=5.808 offset=53 visual=true reflow=false word=- fraction=0.0
14:12:51.897 READ prefetch promote para=2 segs=3
14:12:51.898 AUDIO stage segment=2-0 index=0/3 duration=3.41
14:12:51.901 AUDIO stage reused segment=2-0
14:12:51.902 READ prefetch start para=3 epoch=1 chars=136 streaming=Y
14:12:51.926 TEXT refocus read para=2 token=4
14:12:51.927 TTS part begin para=3 part=0 request=cr2-8603b4a1dce7d4a0e192b1756ef45688f287d93838f7844a489d8d9b31585c07 priority=readAhead
14:12:51.927 TTS schedule dispatch request=cr2-8603b4a1dce7d4a0e192b1756ef45688f287d93838f7844a489d8d9b31585c07 priority=readAhead queueMs=0 active=1 pending=0
14:12:51.952 AUDIO ready segment=2-0 duration=3.41 auto=Y
14:12:51.974 AUDIO state reason=time-control actual=paused waiting=Y rate=1.25 segment=2-0
14:12:52.004 AUDIO state reason=time-control actual=playing waiting=N rate=1.25 segment=2-0
14:12:53.934 TTS clone response request=cr2-8603b4a1dce7d4a0e192b1756ef45688f287d93838f7844a489d8d9b31585c07 status=200 quota=async attempt=1 remaining=7140
14:12:53.962 READ prefetch playable para=3 seg=0 buffered=1
14:12:53.963 TTS part begin para=3 part=1 request=cr2-33ab777551a8524144e892c6475eafb794975ef8c3668f666115f3d0af90b139 priority=readAhead
14:12:53.963 TTS schedule dispatch request=cr2-33ab777551a8524144e892c6475eafb794975ef8c3668f666115f3d0af90b139 priority=readAhead queueMs=0 active=1 pending=0
14:12:54.777 AUDIO item finished segment=2-0 index=0/3
14:12:54.777 AUDIO advance segment from=2-0 to=2-1
14:12:54.778 AUDIO stage segment=2-1 index=1/3 duration=8.06
14:12:54.779 AUDIO stage reused segment=2-1
14:12:54.808 AUDIO ready segment=2-1 duration=8.06 auto=Y
14:12:54.829 AUDIO state reason=time-control actual=paused waiting=Y rate=1.25 segment=2-1
14:12:54.858 AUDIO state reason=time-control actual=playing waiting=N rate=1.25 segment=2-1
14:12:55.961 TTS clone response request=cr2-33ab777551a8524144e892c6475eafb794975ef8c3668f666115f3d0af90b139 status=200 quota=async attempt=1 remaining=7134
14:12:55.973 READ prefetch playable para=3 seg=1 buffered=2
14:12:55.974 TTS part begin para=3 part=2 request=cr2-827c6fa582522d626565e996cbc25fae897e757306971428793a81b84925acef priority=readAhead
14:12:55.974 TTS schedule dispatch request=cr2-827c6fa582522d626565e996cbc25fae897e757306971428793a81b84925acef priority=readAhead queueMs=0 active=1 pending=0
14:12:58.561 TTS clone response request=cr2-827c6fa582522d626565e996cbc25fae897e757306971428793a81b84925acef status=200 quota=async attempt=1 remaining=7128
14:12:58.579 READ prefetch playable para=3 seg=2 buffered=3
14:13:01.358 AUDIO item finished segment=2-1 index=1/3
14:13:01.358 AUDIO advance segment from=2-1 to=2-2
14:13:01.359 AUDIO stage segment=2-2 index=2/3 duration=6.22
14:13:01.360 AUDIO stage reused segment=2-2
14:13:01.388 AUDIO ready segment=2-2 duration=6.22 auto=Y
14:13:01.408 AUDIO state reason=time-control actual=paused waiting=Y rate=1.25 segment=2-2
14:13:01.429 AUDIO state reason=time-control actual=playing waiting=N rate=1.25 segment=2-2
14:13:06.459 AUDIO item finished segment=2-2 index=2/3
14:13:06.459 AUDIO queue complete segment=2-2 queue=3
14:13:06.459 READ completion accepted para=2 status=ready
14:13:06.460 READ advance from=2 readable=5 status=ready prefetching=3 prefetched=3
14:13:06.469 READ checkpoint saved source=text item=79d6e6869e55 para=2 seg=2 time=6.216 offset=47 visual=true reflow=false word=- fraction=0.0
14:13:06.470 READ prefetch promote para=3 segs=3
14:13:06.471 AUDIO stage segment=3-0 index=0/3 duration=4.78
14:13:06.472 AUDIO stage reused segment=3-0
14:13:06.473 AUDIO producer expected=Y owner=readAloud gen=1 segment=3-0
14:13:06.500 TEXT refocus read para=3 token=4
14:13:06.516 AUDIO ready segment=3-0 duration=4.78 auto=Y
14:13:06.517 AUDIO state reason=time-control actual=paused waiting=Y rate=1.25 segment=3-0
14:13:06.541 AUDIO state reason=time-control actual=playing waiting=N rate=1.25 segment=3-0
14:13:08.032 TTS part begin para=3 part=3 request=cr2-c5d1ebaca8a0818fd757fe62f0391516f3cdfbb3847ba0067e1d5e3119b0e984 priority=interactive
14:13:08.032 TTS schedule dispatch request=cr2-c5d1ebaca8a0818fd757fe62f0391516f3cdfbb3847ba0067e1d5e3119b0e984 priority=interactive queueMs=0 active=1 pending=0
14:13:10.439 AUDIO item finished segment=3-0 index=0/3
14:13:10.439 AUDIO advance segment from=3-0 to=3-1
14:13:10.440 AUDIO stage segment=3-1 index=1/3 duration=5.57
14:13:10.441 AUDIO stage reused segment=3-1
14:13:10.469 AUDIO ready segment=3-1 duration=5.57 auto=Y
14:13:10.469 AUDIO state reason=time-control actual=paused waiting=Y rate=1.25 segment=3-1
14:13:10.490 AUDIO state reason=time-control actual=playing waiting=N rate=1.25 segment=3-1
14:13:10.508 TTS clone response request=cr2-c5d1ebaca8a0818fd757fe62f0391516f3cdfbb3847ba0067e1d5e3119b0e984 status=200 quota=async attempt=1 remaining=7121
14:13:10.529 READ segment ready para=3 seg=3 count=4 duration=6.46
14:13:10.529 AUDIO enqueue segment=3-3 queue=4 waiting=N auto=Y
14:13:10.534 TEXT refocus read para=3 token=4
14:13:13.343 TTS part begin para=3 part=4 request=cr2-ac38d4519067e8ea93e5b6d3243b6f8595acae7dcf07614791452541685b321f priority=interactive
14:13:13.343 TTS schedule dispatch request=cr2-ac38d4519067e8ea93e5b6d3243b6f8595acae7dcf07614791452541685b321f priority=interactive queueMs=0 active=1 pending=0
14:13:15.019 AUDIO item finished segment=3-1 index=1/4
14:13:15.020 AUDIO advance segment from=3-1 to=3-2
14:13:15.021 AUDIO stage segment=3-2 index=2/4 duration=6.46
14:13:15.021 AUDIO stage reused segment=3-2
14:13:15.050 AUDIO ready segment=3-2 duration=6.46 auto=Y
14:13:15.070 AUDIO state reason=time-control actual=paused waiting=Y rate=1.25 segment=3-2
14:13:15.100 AUDIO state reason=time-control actual=playing waiting=N rate=1.25 segment=3-2
14:13:17.082 TTS clone response request=cr2-ac38d4519067e8ea93e5b6d3243b6f8595acae7dcf07614791452541685b321f status=200 quota=async attempt=1 remaining=7114
14:13:17.094 READ segment ready para=3 seg=4 count=5 duration=6.62
14:13:17.094 AUDIO enqueue segment=3-4 queue=5 waiting=N auto=Y
14:13:17.102 READ prefetch done para=3 epoch=1 segs=5 promoted=true
14:13:17.102 READ prefetch start para=4 epoch=1 chars=133 streaming=Y
14:13:17.102 TEXT refocus read para=3 token=4
14:13:17.119 TTS part begin para=4 part=0 request=cr2-6bbe78387b881db2d344c43097510003a25cca26a363731158e5b4fde665ff7f priority=readAhead
14:13:17.134 TTS schedule dispatch request=cr2-6bbe78387b881db2d344c43097510003a25cca26a363731158e5b4fde665ff7f priority=readAhead queueMs=0 active=1 pending=0
14:13:17.803 TTS clone response request=cr2-6bbe78387b881db2d344c43097510003a25cca26a363731158e5b4fde665ff7f status=200 quota=async attempt=1 remaining=7113
14:13:17.821 READ prefetch playable para=4 seg=0 buffered=1
14:13:17.822 TTS part begin para=4 part=1 request=cr2-9c36dba2c9e4771aafe70fbf22b45ed7b4a47cea04fcf175a1497266ec0c8ee9 priority=readAhead
14:13:17.822 TTS schedule dispatch request=cr2-9c36dba2c9e4771aafe70fbf22b45ed7b4a47cea04fcf175a1497266ec0c8ee9 priority=readAhead queueMs=0 active=1 pending=0
14:13:20.127 TTS clone response request=cr2-9c36dba2c9e4771aafe70fbf22b45ed7b4a47cea04fcf175a1497266ec0c8ee9 status=200 quota=async attempt=1 remaining=7103
14:13:20.146 READ prefetch playable para=4 seg=1 buffered=2
14:13:20.146 TTS part begin para=4 part=2 request=cr2-6baf223205437b8c4cf999ebbff4d3d18bf16560fd9e84a0f238450fd964852b priority=readAhead
14:13:20.147 TTS schedule dispatch request=cr2-6baf223205437b8c4cf999ebbff4d3d18bf16560fd9e84a0f238450fd964852b priority=readAhead queueMs=0 active=1 pending=0
14:13:20.309 AUDIO item finished segment=3-2 index=2/5
14:13:20.310 AUDIO advance segment from=3-2 to=3-3
14:13:20.310 AUDIO stage segment=3-3 index=3/5 duration=6.46
14:13:20.346 AUDIO ready segment=3-3 duration=6.46 auto=Y
14:13:20.365 AUDIO state reason=time-control actual=paused waiting=Y rate=1.25 segment=3-3
14:13:20.396 AUDIO state reason=time-control actual=playing waiting=N rate=1.25 segment=3-3
14:13:21.089 READ voice switch begin from=vl_d1efb23a380bdaa2f6b0 to=zf_001 para=3 auto=true requested=true userPaused=false
14:13:21.097 READ checkpoint saved source=text item=79d6e6869e55 para=3 seg=3 time=0.852383179 offset=75 visual=true reflow=false word=- fraction=0.0
14:13:21.101 READ generate start para=3 epoch=2 chars=136
14:13:21.103 AUDIO producer expected=Y owner=readAloud gen=1 segment=nil
14:13:21.103 READ voice switch suffix para=3 skippedChars=75 requestChars=61
14:13:21.141 TEXT refocus read para=3 token=4
14:13:21.142 TTS part begin para=3 part=3 request=1D1903DC-807C-49EE-8D9D-D65F687AC4E6 priority=interactive
14:13:21.142 TTS schedule dispatch request=1D1903DC-807C-49EE-8D9D-D65F687AC4E6 priority=interactive queueMs=0 active=1 pending=0
14:13:24.907 TTS network request=1D1903DC-807C-49EE-8D9D-D65F687AC4E6 transaction=0 protocol=h2 reused=false setupMs=325 firstByteMs=687 downloadMs=2750 totalMs=3764
14:13:24.910 TTS transport response request=1D1903DC-807C-49EE-8D9D-D65F687AC4E6 host=api.castreader.cn status=200 bytes=142986 elapsedMs=3767 fallback=false
14:13:24.916 READ segment ready para=3 seg=3 count=4 duration=6.70
14:13:24.921 AUDIO stage segment=3-3 index=0/1 duration=6.70
14:13:24.933 READ resume audio para=3 seg=3 time=0.8964616063717472
14:13:24.934 READ voice switch finished para=3
14:13:24.993 TTS part begin para=3 part=4 request=91B8B504-68C0-465B-99DF-3B41A8807282 priority=interactive
14:13:24.994 TEXT refocus read para=3 token=4
14:13:24.995 TTS schedule dispatch request=91B8B504-68C0-465B-99DF-3B41A8807282 priority=interactive queueMs=0 active=1 pending=0
14:13:25.008 AUDIO ready segment=3-3 duration=6.70 auto=Y
14:13:25.046 AUDIO state reason=time-control actual=paused waiting=Y rate=1.25 segment=3-3
14:13:25.080 AUDIO state reason=time-control actual=playing waiting=N rate=1.25 segment=3-3
14:13:25.102 READ resume first-play source=text item=79d6e6869e55 para=3 time=0.900614895 word=- fraction=0.0
14:13:27.969 TTS network request=91B8B504-68C0-465B-99DF-3B41A8807282 transaction=0 protocol=h2 reused=true setupMs=0 firstByteMs=1145 downloadMs=1827 totalMs=2972
14:13:27.969 TTS transport response request=91B8B504-68C0-465B-99DF-3B41A8807282 host=api.castreader.cn status=200 bytes=139914 elapsedMs=2973 fallback=false
14:13:27.970 READ segment ready para=3 seg=4 count=5 duration=6.55
14:13:27.970 AUDIO enqueue segment=3-4 queue=2 waiting=N auto=Y
14:13:27.978 TEXT refocus read para=3 token=4
14:13:27.979 READ generate done para=3 epoch=2 segs=5
14:13:27.979 READ prefetch start para=4 epoch=2 chars=133 streaming=Y
14:13:27.990 TTS part begin para=4 part=0 request=BC5E3E8A-62EA-4650-8F70-6B9E8A9611D7 priority=readAhead
14:13:27.991 TTS schedule dispatch request=BC5E3E8A-62EA-4650-8F70-6B9E8A9611D7 priority=readAhead queueMs=0 active=1 pending=0
14:13:28.818 TTS network request=BC5E3E8A-62EA-4650-8F70-6B9E8A9611D7 transaction=0 protocol=h2 reused=true setupMs=0 firstByteMs=732 downloadMs=93 totalMs=826
14:13:28.818 TTS transport response request=BC5E3E8A-62EA-4650-8F70-6B9E8A9611D7 host=api.castreader.cn status=200 bytes=50314 elapsedMs=827 fallback=false
14:13:28.826 READ prefetch playable para=4 seg=0 buffered=1
14:13:28.842 TTS part begin para=4 part=1 request=23BBD7AF-2944-45D0-90C8-C012F6DEEFE3 priority=readAhead
14:13:28.842 TTS schedule dispatch request=23BBD7AF-2944-45D0-90C8-C012F6DEEFE3 priority=readAhead queueMs=0 active=1 pending=0
14:13:29.770 AUDIO item finished segment=3-3 index=0/2
14:13:29.770 AUDIO advance segment from=3-3 to=3-4
14:13:29.771 AUDIO stage segment=3-4 index=1/2 duration=6.55
14:13:29.805 AUDIO ready segment=3-4 duration=6.55 auto=Y
14:13:29.824 AUDIO state reason=time-control actual=paused waiting=Y rate=1.25 segment=3-4
14:13:29.854 AUDIO state reason=time-control actual=playing waiting=N rate=1.25 segment=3-4
14:13:32.145 TTS network request=23BBD7AF-2944-45D0-90C8-C012F6DEEFE3 transaction=0 protocol=h2 reused=true setupMs=0 firstByteMs=2432 downloadMs=869 totalMs=3302
14:13:32.145 TTS transport response request=23BBD7AF-2944-45D0-90C8-C012F6DEEFE3 host=api.castreader.cn status=200 bytes=167050 elapsedMs=3302 fallback=false
14:13:32.153 READ prefetch playable para=4 seg=1 buffered=2
14:13:32.169 TTS part begin para=4 part=2 request=8291DC17-644B-4FBA-8B39-CD569F6FF8F4 priority=readAhead
14:13:32.169 TTS schedule dispatch request=8291DC17-644B-4FBA-8B39-CD569F6FF8F4 priority=readAhead queueMs=0 active=1 pending=0
14:13:33.184 TTS network request=8291DC17-644B-4FBA-8B39-CD569F6FF8F4 transaction=0 protocol=h2 reused=true setupMs=0 firstByteMs=606 downloadMs=407 totalMs=1014
14:13:33.184 TTS transport response request=8291DC17-644B-4FBA-8B39-CD569F6FF8F4 host=api.castreader.cn status=200 bytes=103562 elapsedMs=1014 fallback=false
14:13:33.186 READ prefetch playable para=4 seg=2 buffered=3
14:13:35.150 AUDIO item finished segment=3-4 index=1/2
14:13:35.150 AUDIO queue complete segment=3-4 queue=2
14:13:35.151 READ completion accepted para=3 status=ready
14:13:35.151 READ advance from=3 readable=5 status=ready prefetching=4 prefetched=4
14:13:35.159 READ checkpoint saved source=text item=79d6e6869e55 para=3 seg=4 time=6.552 offset=106 visual=true reflow=false word=- fraction=0.0
14:13:35.160 READ prefetch promote para=4 segs=3
14:13:35.162 AUDIO stage segment=4-0 index=0/3 duration=2.35
14:13:35.162 AUDIO stage reused segment=4-0
14:13:35.164 AUDIO producer expected=Y owner=readAloud gen=1 segment=4-0
14:13:35.190 VIEWPORT follow source=text from=0 to=58 target=625 height=715 animated=Y
14:13:35.191 TEXT refocus read para=4 token=4
14:13:35.206 AUDIO ready segment=4-0 duration=2.35 auto=Y
14:13:35.226 AUDIO state reason=time-control actual=paused waiting=Y rate=1.25 segment=4-0
14:13:35.251 AUDIO state reason=time-control actual=playing waiting=N rate=1.25 segment=4-0
14:13:35.346 TTS part begin para=4 part=3 request=DE04967B-9859-4214-83D4-7AE457BAA2FA priority=interactive
14:13:35.347 TTS schedule dispatch request=DE04967B-9859-4214-83D4-7AE457BAA2FA priority=interactive queueMs=0 active=1 pending=0
14:13:36.904 TTS network request=DE04967B-9859-4214-83D4-7AE457BAA2FA transaction=0 protocol=h2 reused=true setupMs=0 firstByteMs=596 downloadMs=959 totalMs=1556
14:13:36.904 TTS transport response request=DE04967B-9859-4214-83D4-7AE457BAA2FA host=api.castreader.cn status=200 bytes=87690 elapsedMs=1557 fallback=false
14:13:36.905 READ segment ready para=4 seg=3 count=4 duration=4.10
14:13:36.906 AUDIO enqueue segment=4-3 queue=4 waiting=N auto=Y
14:13:36.914 TEXT refocus read para=4 token=4
14:13:37.190 AUDIO item finished segment=4-0 index=0/4
14:13:37.190 AUDIO advance segment from=4-0 to=4-1
14:13:37.191 AUDIO stage segment=4-1 index=1/4 duration=7.82
14:13:37.191 AUDIO stage reused segment=4-1
14:13:37.220 AUDIO ready segment=4-1 duration=7.82 auto=Y
14:13:37.240 AUDIO state reason=time-control actual=paused waiting=Y rate=1.25 segment=4-1
14:13:37.260 AUDIO state reason=time-control actual=playing waiting=N rate=1.25 segment=4-1
14:13:38.774 TTS part begin para=4 part=4 request=A7F38A7A-E556-4B3C-885F-F11C3EC27276 priority=interactive
14:13:38.774 TTS schedule dispatch request=A7F38A7A-E556-4B3C-885F-F11C3EC27276 priority=interactive queueMs=0 active=1 pending=0
14:13:39.689 TTS network request=A7F38A7A-E556-4B3C-885F-F11C3EC27276 transaction=0 protocol=h2 reused=true setupMs=0 firstByteMs=406 downloadMs=507 totalMs=914
14:13:39.690 TTS transport response request=A7F38A7A-E556-4B3C-885F-F11C3EC27276 host=api.castreader.cn status=200 bytes=77450 elapsedMs=915 fallback=false
14:13:39.694 READ segment ready para=4 seg=4 count=5 duration=3.62
14:13:39.694 AUDIO enqueue segment=4-4 queue=5 waiting=N auto=Y
14:13:39.701 TEXT refocus read para=4 token=4
14:13:41.612 TTS part begin para=4 part=5 request=7C1EE0FA-6D46-4F5A-BB83-31515E3DA121 priority=interactive
14:13:41.613 TTS schedule dispatch request=7C1EE0FA-6D46-4F5A-BB83-31515E3DA121 priority=interactive queueMs=0 active=1 pending=0
14:13:43.570 AUDIO item finished segment=4-1 index=1/5
14:13:43.571 AUDIO advance segment from=4-1 to=4-2
14:13:43.571 AUDIO stage segment=4-2 index=2/5 duration=4.85
14:13:43.572 AUDIO stage reused segment=4-2
14:13:43.597 VIEWPORT follow source=text from=58 to=117 target=684 height=715 animated=Y
14:13:43.598 AUDIO ready segment=4-2 duration=4.85 auto=Y
14:13:43.599 AUDIO state reason=time-control actual=paused waiting=Y rate=1.25 segment=4-2
14:13:43.619 AUDIO state reason=time-control actual=playing waiting=N rate=1.25 segment=4-2
14:13:45.257 TTS network request=7C1EE0FA-6D46-4F5A-BB83-31515E3DA121 transaction=0 protocol=h2 reused=true setupMs=0 firstByteMs=842 downloadMs=2800 totalMs=3644
14:13:45.258 TTS transport response request=7C1EE0FA-6D46-4F5A-BB83-31515E3DA121 host=api.castreader.cn status=200 bytes=128650 elapsedMs=3644 fallback=false
14:13:45.272 READ segment ready para=4 seg=5 count=6 duration=6.02
14:13:45.272 AUDIO enqueue segment=4-5 queue=6 waiting=N auto=Y
14:13:45.279 READ prefetch done para=4 epoch=2 segs=6 promoted=true
14:13:45.280 TEXT refocus read para=4 token=4
14:13:47.570 AUDIO item finished segment=4-2 index=2/6
14:13:47.571 AUDIO advance segment from=4-2 to=4-3
14:13:47.572 AUDIO stage segment=4-3 index=3/6 duration=4.10
14:13:47.604 AUDIO ready segment=4-3 duration=4.10 auto=Y
14:13:47.621 AUDIO state reason=time-control actual=paused waiting=Y rate=1.25 segment=4-3
14:13:47.641 AUDIO state reason=time-control actual=playing waiting=N rate=1.25 segment=4-3
14:13:50.990 AUDIO item finished segment=4-3 index=3/6
14:13:50.990 AUDIO advance segment from=4-3 to=4-4
14:13:50.991 AUDIO stage segment=4-4 index=4/6 duration=3.62
14:13:51.024 VIEWPORT follow source=text from=117 to=147 target=743 height=715 animated=Y
14:13:51.025 AUDIO ready segment=4-4 duration=3.62 auto=Y
14:13:51.025 AUDIO state reason=time-control actual=paused waiting=Y rate=1.25 segment=4-4
14:13:51.048 AUDIO state reason=time-control actual=playing waiting=N rate=1.25 segment=4-4
14:13:54.020 AUDIO item finished segment=4-4 index=4/6
14:13:54.021 AUDIO advance segment from=4-4 to=4-5
14:13:54.022 AUDIO stage segment=4-5 index=5/6 duration=6.02
14:13:54.055 AUDIO ready segment=4-5 duration=6.02 auto=Y
14:13:54.074 AUDIO state reason=time-control actual=paused waiting=Y rate=1.25 segment=4-5
14:13:54.102 AUDIO state reason=time-control actual=playing waiting=N rate=1.25 segment=4-5
14:13:58.970 AUDIO item finished segment=4-5 index=5/6
14:13:58.971 AUDIO queue complete segment=4-5 queue=6
14:13:58.971 READ completion accepted para=4 status=ready
14:13:58.972 READ advance from=4 readable=5 status=ready prefetching=- prefetched=-
14:13:58.972 READ document finished para=4 readable=5
14:13:58.981 READ checkpoint saved source=text item=79d6e6869e55 para=4 seg=5 time=6.024 offset=107 visual=true reflow=false word=- fraction=0.0
14:14:48.141 HOST mode switch target=解读 continue=N
14:14:48.152 READ checkpoint saved source=text item=79d6e6869e55 para=4 seg=5 time=6.024 offset=107 visual=true reflow=false word=- fraction=0.0
14:14:48.155 AUDIO session released owner=readAloud gen=1
14:14:48.156 AUDIO session claimed owner=explain gen=2
14:14:48.157 EXPLAIN mode activation autoplay=N status=idle paras=5
14:14:48.423 HOST refocus-burst reason=mode pass=1 token=5 mode=解读 size=0x0
14:14:49.111 HOST refocus-burst reason=mode pass=2 token=6 mode=解读 size=0x0
14:14:50.270 HOST refocus-burst reason=mode pass=3 token=7 mode=解读 size=0x0
14:14:52.318 HOST refocus-burst reason=mode pass=4 token=8 mode=解读 size=0x0
14:15:06.055 EXPLAIN start requested status=idle reuse=N paras=5
14:15:06.061 EXPLAIN planning started reuse=N
14:15:06.105 EXPLAIN plan request idxBase=0 paras=5 chars=491 fp=e4cbc325f46c8462 prevSummaryChars=0
14:15:11.862 TTS part begin para=0 part=0 request=82BAB532-E8D8-4661-AA44-D810333B4B1F priority=interactive
14:15:11.864 TTS schedule dispatch request=82BAB532-E8D8-4661-AA44-D810333B4B1F priority=interactive queueMs=0 active=1 pending=0
14:15:16.298 TTS network request=82BAB532-E8D8-4661-AA44-D810333B4B1F transaction=0 protocol=h2 reused=true setupMs=0 firstByteMs=3791 downloadMs=638 totalMs=4432
14:15:16.301 TTS transport response request=82BAB532-E8D8-4661-AA44-D810333B4B1F host=api.castreader.cn status=200 bytes=76426 elapsedMs=4435 fallback=false
14:15:16.306 TTS part begin para=0 part=1 request=61D5BB61-306B-4BB1-BE2D-4D1261419B27 priority=interactive
14:15:16.308 TTS schedule dispatch request=61D5BB61-306B-4BB1-BE2D-4D1261419B27 priority=interactive queueMs=0 active=1 pending=0
14:15:19.362 TTS network request=61D5BB61-306B-4BB1-BE2D-4D1261419B27 transaction=0 protocol=h2 reused=true setupMs=0 firstByteMs=562 downloadMs=2487 totalMs=3051
14:15:19.364 TTS transport response request=61D5BB61-306B-4BB1-BE2D-4D1261419B27 host=api.castreader.cn status=200 bytes=90762 elapsedMs=3054 fallback=false
14:15:19.370 TTS part begin para=0 part=2 request=73CC83E1-E1D5-490E-8AE9-55F8E2F33BA8 priority=interactive
14:15:19.372 TTS schedule dispatch request=73CC83E1-E1D5-490E-8AE9-55F8E2F33BA8 priority=interactive queueMs=0 active=1 pending=0
14:15:21.909 TTS network request=73CC83E1-E1D5-490E-8AE9-55F8E2F33BA8 transaction=0 protocol=h2 reused=true setupMs=0 firstByteMs=752 downloadMs=1780 totalMs=2534
14:15:21.912 TTS transport response request=73CC83E1-E1D5-490E-8AE9-55F8E2F33BA8 host=api.castreader.cn status=200 bytes=105610 elapsedMs=2537 fallback=false
14:15:21.918 TTS part begin para=0 part=3 request=6D6F7F2A-C440-4D14-88F1-217653240831 priority=interactive
14:15:21.920 TTS schedule dispatch request=6D6F7F2A-C440-4D14-88F1-217653240831 priority=interactive queueMs=0 active=1 pending=0
14:15:24.178 TTS network request=6D6F7F2A-C440-4D14-88F1-217653240831 transaction=0 protocol=h2 reused=true setupMs=0 firstByteMs=960 downloadMs=1294 totalMs=2255
14:15:24.181 TTS transport response request=6D6F7F2A-C440-4D14-88F1-217653240831 host=api.castreader.cn status=200 bytes=178314 elapsedMs=2258 fallback=false
14:15:24.187 TTS part begin para=0 part=4 request=64E38D0D-2C5F-457D-AEB4-D911FC541B85 priority=interactive
14:15:24.189 TTS schedule dispatch request=64E38D0D-2C5F-457D-AEB4-D911FC541B85 priority=interactive queueMs=0 active=1 pending=0
14:15:26.669 TTS network request=64E38D0D-2C5F-457D-AEB4-D911FC541B85 transaction=0 protocol=h2 reused=true setupMs=0 firstByteMs=1192 downloadMs=1284 totalMs=2478
14:15:26.672 TTS transport response request=64E38D0D-2C5F-457D-AEB4-D911FC541B85 host=api.castreader.cn status=200 bytes=112266 elapsedMs=2481 fallback=false
14:15:26.723 AUDIO producer expected=Y owner=explain gen=2 segment=nil
14:15:26.725 AUDIO enqueue segment=0-0 queue=1 waiting=N auto=Y
14:15:26.726 AUDIO stage segment=0-0 index=0/1 duration=3.58
14:15:26.735 AUDIO enqueue segment=0-1 queue=2 waiting=N auto=Y
14:15:26.735 AUDIO enqueue segment=0-2 queue=3 waiting=N auto=Y
14:15:26.736 AUDIO enqueue segment=0-3 queue=4 waiting=N auto=Y
14:15:26.737 AUDIO enqueue segment=0-4 queue=5 waiting=N auto=Y
14:15:26.737 AUDIO producer expected=N owner=explain gen=2 segment=0-0
14:15:26.797 AUDIO ready segment=0-0 duration=3.58 auto=Y
14:15:26.798 AUDIO state reason=time-control actual=paused waiting=Y rate=1.25 segment=0-0
14:15:26.822 AUDIO state reason=time-control actual=playing waiting=N rate=1.25 segment=0-0
14:15:29.772 AUDIO item finished segment=0-0 index=0/5
14:15:29.773 AUDIO advance segment from=0-0 to=0-1
14:15:29.773 AUDIO stage segment=0-1 index=1/5 duration=4.25
14:15:29.810 AUDIO ready segment=0-1 duration=4.25 auto=Y
14:15:29.811 AUDIO state reason=time-control actual=paused waiting=Y rate=1.25 segment=0-1
14:15:29.833 AUDIO state reason=time-control actual=playing waiting=N rate=1.25 segment=0-1
14:15:30.375 TTS part begin para=1 part=0 request=8E04ED2B-74BE-4CA5-9290-D1B332F782C0 priority=readAhead
14:15:30.376 TTS schedule dispatch request=8E04ED2B-74BE-4CA5-9290-D1B332F782C0 priority=readAhead queueMs=0 active=1 pending=0
14:15:32.707 TTS network request=8E04ED2B-74BE-4CA5-9290-D1B332F782C0 transaction=0 protocol=h2 reused=true setupMs=0 firstByteMs=1263 downloadMs=1066 totalMs=2330
14:15:32.708 TTS transport response request=8E04ED2B-74BE-4CA5-9290-D1B332F782C0 host=api.castreader.cn status=200 bytes=75914 elapsedMs=2331 fallback=false
14:15:32.709 TTS part begin para=1 part=1 request=008F9353-FFFF-4CB0-983E-8BEAABD1EF0B priority=readAhead
14:15:32.709 TTS schedule dispatch request=008F9353-FFFF-4CB0-983E-8BEAABD1EF0B priority=readAhead queueMs=0 active=1 pending=0
14:15:33.303 AUDIO item finished segment=0-1 index=1/5
14:15:33.304 AUDIO advance segment from=0-1 to=0-2
14:15:33.305 AUDIO stage segment=0-2 index=2/5 duration=4.94
14:15:33.342 AUDIO ready segment=0-2 duration=4.94 auto=Y
14:15:33.343 AUDIO state reason=time-control actual=paused waiting=Y rate=1.25 segment=0-2
14:15:33.367 AUDIO state reason=time-control actual=playing waiting=N rate=1.25 segment=0-2
14:15:36.077 TTS network request=008F9353-FFFF-4CB0-983E-8BEAABD1EF0B transaction=0 protocol=h2 reused=true setupMs=0 firstByteMs=844 downloadMs=2521 totalMs=3367
14:15:36.078 TTS transport response request=008F9353-FFFF-4CB0-983E-8BEAABD1EF0B host=api.castreader.cn status=200 bytes=151690 elapsedMs=3368 fallback=false
14:15:36.079 TTS part begin para=1 part=2 request=FA76D83F-969B-4763-9230-EEF274DD6B70 priority=readAhead
14:15:36.080 TTS schedule dispatch request=FA76D83F-969B-4763-9230-EEF274DD6B70 priority=readAhead queueMs=0 active=1 pending=0
14:15:37.392 AUDIO item finished segment=0-2 index=2/5
14:15:37.393 AUDIO advance segment from=0-2 to=0-3
14:15:37.394 AUDIO stage segment=0-3 index=3/5 duration=8.35
14:15:37.431 AUDIO ready segment=0-3 duration=8.35 auto=Y
14:15:37.431 AUDIO state reason=time-control actual=paused waiting=Y rate=1.25 segment=0-3
14:15:37.453 AUDIO state reason=time-control actual=playing waiting=N rate=1.25 segment=0-3
14:15:37.636 TTS network request=FA76D83F-969B-4763-9230-EEF274DD6B70 transaction=0 protocol=h2 reused=true setupMs=0 firstByteMs=363 downloadMs=1191 totalMs=1555
14:15:37.636 TTS transport response request=FA76D83F-969B-4763-9230-EEF274DD6B70 host=api.castreader.cn status=200 bytes=111242 elapsedMs=1555 fallback=false
14:15:41.652 TTS part begin para=2 part=0 request=2AE70AE2-4207-493E-B733-A70A5E812FA7 priority=readAhead
14:15:41.652 TTS schedule dispatch request=2AE70AE2-4207-493E-B733-A70A5E812FA7 priority=readAhead queueMs=0 active=1 pending=0
14:15:42.366 TTS network request=2AE70AE2-4207-493E-B733-A70A5E812FA7 transaction=0 protocol=h2 reused=true setupMs=0 firstByteMs=241 downloadMs=470 totalMs=712
14:15:42.367 TTS transport response request=2AE70AE2-4207-493E-B733-A70A5E812FA7 host=api.castreader.cn status=200 bytes=61578 elapsedMs=713 fallback=false
14:15:42.368 TTS part begin para=2 part=1 request=2FA1B583-77B3-42E5-BBC1-F65B530708D4 priority=readAhead
14:15:42.368 TTS schedule dispatch request=2FA1B583-77B3-42E5-BBC1-F65B530708D4 priority=readAhead queueMs=0 active=1 pending=0
14:15:44.212 AUDIO item finished segment=0-3 index=3/5
14:15:44.213 AUDIO advance segment from=0-3 to=0-4
14:15:44.214 AUDIO stage segment=0-4 index=4/5 duration=5.26
14:15:44.246 AUDIO ready segment=0-4 duration=5.26 auto=Y
14:15:44.266 AUDIO state reason=time-control actual=paused waiting=Y rate=1.25 segment=0-4
14:15:44.285 AUDIO state reason=time-control actual=playing waiting=N rate=1.25 segment=0-4
14:15:45.311 TTS network request=2FA1B583-77B3-42E5-BBC1-F65B530708D4 transaction=0 protocol=h2 reused=true setupMs=0 firstByteMs=1217 downloadMs=1723 totalMs=2942
14:15:45.312 TTS transport response request=2FA1B583-77B3-42E5-BBC1-F65B530708D4 host=api.castreader.cn status=200 bytes=73354 elapsedMs=2943 fallback=false
14:15:45.313 TTS part begin para=2 part=2 request=E2502C04-2087-4ADD-8F4F-3039C3024FA4 priority=readAhead
14:15:45.314 TTS schedule dispatch request=E2502C04-2087-4ADD-8F4F-3039C3024FA4 priority=readAhead queueMs=0 active=1 pending=0
14:15:48.422 TTS network request=E2502C04-2087-4ADD-8F4F-3039C3024FA4 transaction=0 protocol=h2 reused=true setupMs=0 firstByteMs=329 downloadMs=2776 totalMs=3107
14:15:48.422 TTS transport response request=E2502C04-2087-4ADD-8F4F-3039C3024FA4 host=api.castreader.cn status=200 bytes=88202 elapsedMs=3107 fallback=false
14:15:48.423 TTS part begin para=2 part=3 request=9AED348D-5994-4835-8B7E-56D7CC214080 priority=readAhead
14:15:48.424 TTS schedule dispatch request=9AED348D-5994-4835-8B7E-56D7CC214080 priority=readAhead queueMs=0 active=1 pending=0
14:15:48.552 AUDIO item finished segment=0-4 index=4/5
14:15:48.553 AUDIO queue complete segment=0-4 queue=5
14:15:48.576 AUDIO producer expected=Y owner=explain gen=2 segment=nil
14:15:48.576 AUDIO enqueue segment=1-0 queue=1 waiting=N auto=Y
14:15:48.576 AUDIO stage segment=1-0 index=0/1 duration=3.55
14:15:48.585 AUDIO enqueue segment=1-1 queue=2 waiting=N auto=Y
14:15:48.586 AUDIO enqueue segment=1-2 queue=3 waiting=N auto=Y
14:15:48.586 AUDIO producer expected=N owner=explain gen=2 segment=1-0
14:15:48.627 AUDIO ready segment=1-0 duration=3.55 auto=Y
14:15:48.628 AUDIO state reason=time-control actual=paused waiting=Y rate=1.25 segment=1-0
14:15:48.651 AUDIO state reason=time-control actual=playing waiting=N rate=1.25 segment=1-0
14:15:49.493 TTS network request=9AED348D-5994-4835-8B7E-56D7CC214080 transaction=0 protocol=h2 reused=true setupMs=0 firstByteMs=536 downloadMs=532 totalMs=1068
14:15:49.493 TTS transport response request=9AED348D-5994-4835-8B7E-56D7CC214080 host=api.castreader.cn status=200 bytes=112778 elapsedMs=1069 fallback=false
14:15:49.494 TTS part begin para=2 part=4 request=AA009D04-9C2A-4D00-868C-BCD1F5CEBE00 priority=readAhead
14:15:49.495 TTS schedule dispatch request=AA009D04-9C2A-4D00-868C-BCD1F5CEBE00 priority=readAhead queueMs=0 active=1 pending=0
14:15:50.606 TTS network request=AA009D04-9C2A-4D00-868C-BCD1F5CEBE00 transaction=0 protocol=h2 reused=true setupMs=0 firstByteMs=502 downloadMs=607 totalMs=1110
14:15:50.608 TTS transport response request=AA009D04-9C2A-4D00-868C-BCD1F5CEBE00 host=api.castreader.cn status=200 bytes=105610 elapsedMs=1111 fallback=false
14:15:51.572 AUDIO item finished segment=1-0 index=0/3
14:15:51.572 AUDIO advance segment from=1-0 to=1-1
14:15:51.573 AUDIO stage segment=1-1 index=1/3 duration=7.10
14:15:51.607 AUDIO ready segment=1-1 duration=7.10 auto=Y
14:15:51.626 AUDIO state reason=time-control actual=paused waiting=Y rate=1.25 segment=1-1
14:15:51.656 AUDIO state reason=time-control actual=playing waiting=N rate=1.25 segment=1-1
14:15:54.865 TTS part begin para=3 part=0 request=A748C5B2-B9D6-4938-AFA4-A315B9792606 priority=readAhead
14:15:54.866 TTS schedule dispatch request=A748C5B2-B9D6-4938-AFA4-A315B9792606 priority=readAhead queueMs=0 active=1 pending=0
14:15:56.328 TTS network request=A748C5B2-B9D6-4938-AFA4-A315B9792606 transaction=0 protocol=h2 reused=true setupMs=0 firstByteMs=705 downloadMs=756 totalMs=1462
14:15:56.329 TTS transport response request=A748C5B2-B9D6-4938-AFA4-A315B9792606 host=api.castreader.cn status=200 bytes=50314 elapsedMs=1463 fallback=false
14:15:56.330 TTS part begin para=3 part=1 request=08EEA9B2-642E-453F-AA16-B7AAC132B8C0 priority=readAhead
14:15:56.331 TTS schedule dispatch request=08EEA9B2-642E-453F-AA16-B7AAC132B8C0 priority=readAhead queueMs=0 active=1 pending=0
14:15:57.392 AUDIO item finished segment=1-1 index=1/3
14:15:57.393 AUDIO advance segment from=1-1 to=1-2
14:15:57.394 AUDIO stage segment=1-2 index=2/3 duration=5.21
14:15:57.430 AUDIO ready segment=1-2 duration=5.21 auto=Y
14:15:57.451 AUDIO state reason=time-control actual=paused waiting=Y rate=1.25 segment=1-2
14:15:57.470 AUDIO state reason=time-control actual=playing waiting=N rate=1.25 segment=1-2
14:16:01.692 AUDIO item finished segment=1-2 index=2/3
14:16:01.693 AUDIO queue complete segment=1-2 queue=3
14:16:01.732 AUDIO producer expected=Y owner=explain gen=2 segment=nil
14:16:01.732 AUDIO enqueue segment=2-0 queue=1 waiting=N auto=Y
14:16:01.732 AUDIO stage segment=2-0 index=0/1 duration=2.88
14:16:01.741 AUDIO enqueue segment=2-1 queue=2 waiting=N auto=Y
14:16:01.742 AUDIO enqueue segment=2-2 queue=3 waiting=N auto=Y
14:16:01.742 AUDIO enqueue segment=2-3 queue=4 waiting=N auto=Y
14:16:01.742 AUDIO enqueue segment=2-4 queue=5 waiting=N auto=Y
14:16:01.743 AUDIO producer expected=N owner=explain gen=2 segment=2-0
14:16:01.782 AUDIO ready segment=2-0 duration=2.88 auto=Y
14:16:01.782 AUDIO state reason=time-control actual=paused waiting=Y rate=1.25 segment=2-0
14:16:01.805 AUDIO state reason=time-control actual=playing waiting=N rate=1.25 segment=2-0
14:16:02.852 TTS network request=08EEA9B2-642E-453F-AA16-B7AAC132B8C0 transaction=0 protocol=h2 reused=true setupMs=0 firstByteMs=1908 downloadMs=4612 totalMs=6520
14:16:02.853 TTS transport response request=08EEA9B2-642E-453F-AA16-B7AAC132B8C0 host=api.castreader.cn status=200 bytes=167050 elapsedMs=6521 fallback=false
14:16:02.854 TTS part begin para=3 part=2 request=B873C55A-7D59-42D1-BF4A-9F5F7D8538D8 priority=readAhead
14:16:02.855 TTS schedule dispatch request=B873C55A-7D59-42D1-BF4A-9F5F7D8538D8 priority=readAhead queueMs=0 active=1 pending=0
14:16:04.193 AUDIO item finished segment=2-0 index=0/5
14:16:04.193 AUDIO advance segment from=2-0 to=2-1
14:16:04.194 AUDIO stage segment=2-1 index=1/5 duration=3.43
14:16:04.231 AUDIO ready segment=2-1 duration=3.43 auto=Y
14:16:04.251 AUDIO state reason=time-control actual=paused waiting=Y rate=1.25 segment=2-1
14:16:04.270 AUDIO state reason=time-control actual=playing waiting=N rate=1.25 segment=2-1
14:16:07.072 AUDIO item finished segment=2-1 index=1/5
14:16:07.073 AUDIO advance segment from=2-1 to=2-2
14:16:07.074 AUDIO stage segment=2-2 index=2/5 duration=4.13
14:16:07.111 AUDIO ready segment=2-2 duration=4.13 auto=Y
14:16:07.130 AUDIO state reason=time-control actual=paused waiting=Y rate=1.25 segment=2-2
14:16:07.144 AUDIO state reason=time-control actual=playing waiting=N rate=1.25 segment=2-2
14:16:08.103 TTS network request=B873C55A-7D59-42D1-BF4A-9F5F7D8538D8 transaction=0 protocol=h2 reused=true setupMs=0 firstByteMs=2988 downloadMs=2258 totalMs=5247
14:16:08.104 TTS transport response request=B873C55A-7D59-42D1-BF4A-9F5F7D8538D8 host=api.castreader.cn status=200 bytes=103562 elapsedMs=5248 fallback=false
14:16:08.105 TTS part begin para=3 part=3 request=C5671491-EFCA-4029-B321-9DB7950CA3A9 priority=readAhead
14:16:08.106 TTS schedule dispatch request=C5671491-EFCA-4029-B321-9DB7950CA3A9 priority=readAhead queueMs=0 active=1 pending=0
14:16:10.226 TTS network request=C5671491-EFCA-4029-B321-9DB7950CA3A9 transaction=0 protocol=h2 reused=true setupMs=0 firstByteMs=773 downloadMs=1345 totalMs=2119
14:16:10.227 TTS transport response request=C5671491-EFCA-4029-B321-9DB7950CA3A9 host=api.castreader.cn status=200 bytes=87690 elapsedMs=2120 fallback=false
14:16:10.228 TTS part begin para=3 part=4 request=9905C410-6FF1-4659-BD00-FA1306DB8327 priority=readAhead
14:16:10.228 TTS schedule dispatch request=9905C410-6FF1-4659-BD00-FA1306DB8327 priority=readAhead queueMs=0 active=1 pending=0
14:16:10.512 AUDIO item finished segment=2-2 index=2/5
14:16:10.513 AUDIO advance segment from=2-2 to=2-3
14:16:10.514 AUDIO stage segment=2-3 index=3/5 duration=5.28
14:16:10.560 AUDIO ready segment=2-3 duration=5.28 auto=Y
14:16:10.560 AUDIO state reason=time-control actual=paused waiting=Y rate=1.25 segment=2-3
14:16:10.586 AUDIO state reason=time-control actual=playing waiting=N rate=1.25 segment=2-3
14:16:12.626 TTS network request=9905C410-6FF1-4659-BD00-FA1306DB8327 transaction=0 protocol=h2 reused=true setupMs=0 firstByteMs=1343 downloadMs=1053 totalMs=2397
14:16:12.627 TTS transport response request=9905C410-6FF1-4659-BD00-FA1306DB8327 host=api.castreader.cn status=200 bytes=77450 elapsedMs=2398 fallback=false
14:16:12.628 TTS part begin para=3 part=5 request=3C7DD7F9-B68B-4CF0-B235-5812F80AF37A priority=readAhead
14:16:12.629 TTS schedule dispatch request=3C7DD7F9-B68B-4CF0-B235-5812F80AF37A priority=readAhead queueMs=0 active=1 pending=0
14:16:14.135 TTS network request=3C7DD7F9-B68B-4CF0-B235-5812F80AF37A transaction=0 protocol=h2 reused=true setupMs=0 firstByteMs=961 downloadMs=543 totalMs=1506
14:16:14.136 TTS transport response request=3C7DD7F9-B68B-4CF0-B235-5812F80AF37A host=api.castreader.cn status=200 bytes=128650 elapsedMs=1507 fallback=false
14:16:14.883 AUDIO item finished segment=2-3 index=3/5
14:16:14.883 AUDIO advance segment from=2-3 to=2-4
14:16:14.884 AUDIO stage segment=2-4 index=4/5 duration=4.94
14:16:14.916 AUDIO ready segment=2-4 duration=4.94 auto=Y
14:16:14.936 AUDIO state reason=time-control actual=paused waiting=Y rate=1.25 segment=2-4
14:16:14.966 AUDIO state reason=time-control actual=playing waiting=N rate=1.25 segment=2-4
14:16:18.973 AUDIO item finished segment=2-4 index=4/5
14:16:18.974 AUDIO queue complete segment=2-4 queue=5
14:16:19.000 AUDIO producer expected=Y owner=explain gen=2 segment=nil
14:16:19.001 AUDIO enqueue segment=3-0 queue=1 waiting=N auto=Y
14:16:19.001 AUDIO stage segment=3-0 index=0/1 duration=2.35
14:16:19.004 AUDIO enqueue segment=3-1 queue=2 waiting=N auto=Y
14:16:19.004 AUDIO enqueue segment=3-2 queue=3 waiting=N auto=Y
14:16:19.005 AUDIO enqueue segment=3-3 queue=4 waiting=N auto=Y
14:16:19.005 AUDIO enqueue segment=3-4 queue=5 waiting=N auto=Y
14:16:19.005 AUDIO enqueue segment=3-5 queue=6 waiting=N auto=Y
14:16:19.005 AUDIO producer expected=N owner=explain gen=2 segment=3-0
14:16:19.051 AUDIO ready segment=3-0 duration=2.35 auto=Y
14:16:19.051 AUDIO state reason=time-control actual=paused waiting=Y rate=1.25 segment=3-0
14:16:19.074 AUDIO state reason=time-control actual=playing waiting=N rate=1.25 segment=3-0
14:16:21.033 AUDIO item finished segment=3-0 index=0/6
14:16:21.033 AUDIO advance segment from=3-0 to=3-1
14:16:21.034 AUDIO stage segment=3-1 index=1/6 duration=7.82
14:16:21.080 AUDIO ready segment=3-1 duration=7.82 auto=Y
14:16:21.081 AUDIO state reason=time-control actual=paused waiting=Y rate=1.25 segment=3-1
14:16:21.104 AUDIO state reason=time-control actual=playing waiting=N rate=1.25 segment=3-1
14:16:27.433 AUDIO item finished segment=3-1 index=1/6
14:16:27.433 AUDIO advance segment from=3-1 to=3-2
14:16:27.434 AUDIO stage segment=3-2 index=2/6 duration=4.85
14:16:27.471 AUDIO ready segment=3-2 duration=4.85 auto=Y
14:16:27.472 AUDIO state reason=time-control actual=paused waiting=Y rate=1.25 segment=3-2
14:16:27.495 AUDIO state reason=time-control actual=playing waiting=N rate=1.25 segment=3-2
14:16:31.444 AUDIO item finished segment=3-2 index=2/6
14:16:31.444 AUDIO advance segment from=3-2 to=3-3
14:16:31.446 AUDIO stage segment=3-3 index=3/6 duration=4.10
14:16:31.483 AUDIO ready segment=3-3 duration=4.10 auto=Y
14:16:31.502 AUDIO state reason=time-control actual=paused waiting=Y rate=1.25 segment=3-3
14:16:31.522 AUDIO state reason=time-control actual=playing waiting=N rate=1.25 segment=3-3
14:16:34.863 AUDIO item finished segment=3-3 index=3/6
14:16:34.863 AUDIO advance segment from=3-3 to=3-4
14:16:34.864 AUDIO stage segment=3-4 index=4/6 duration=3.62
14:16:34.901 AUDIO ready segment=3-4 duration=3.62 auto=Y
14:16:34.921 AUDIO state reason=time-control actual=paused waiting=Y rate=1.25 segment=3-4
14:16:34.953 AUDIO state reason=time-control actual=playing waiting=N rate=1.25 segment=3-4
14:16:37.893 AUDIO item finished segment=3-4 index=4/6
14:16:37.893 AUDIO advance segment from=3-4 to=3-5
14:16:37.894 AUDIO stage segment=3-5 index=5/6 duration=6.02
14:16:37.931 AUDIO ready segment=3-5 duration=6.02 auto=Y
14:16:37.953 AUDIO state reason=time-control actual=paused waiting=Y rate=1.25 segment=3-5
14:16:37.984 AUDIO state reason=time-control actual=playing waiting=N rate=1.25 segment=3-5
14:16:42.843 AUDIO item finished segment=3-5 index=5/6
14:16:42.844 AUDIO queue complete segment=3-5 queue=6
14:17:25.493 AUDIO producer expected=Y owner=explain gen=2 segment=nil
14:17:25.541 TTS part begin para=3 part=0 request=236AFB49-6329-4B82-BB2D-FF03B8208EF9 priority=interactive
14:17:25.556 TTS schedule dispatch request=236AFB49-6329-4B82-BB2D-FF03B8208EF9 priority=interactive queueMs=0 active=1 pending=0
14:17:26.212 TTS clone response request=236AFB49-6329-4B82-BB2D-FF03B8208EF9 status=200 quota=async attempt=1 remaining=7097
14:17:26.254 TTS part begin para=3 part=1 request=0EFEFA6D-44EC-45C8-97D2-19ADC2A99646 priority=interactive
14:17:26.255 TTS schedule dispatch request=0EFEFA6D-44EC-45C8-97D2-19ADC2A99646 priority=interactive queueMs=0 active=1 pending=0
14:17:28.061 TTS clone response request=0EFEFA6D-44EC-45C8-97D2-19ADC2A99646 status=200 quota=async attempt=1 remaining=7087
14:17:28.100 TTS part begin para=3 part=2 request=EDB1BB5F-C449-40A6-B59B-E6284F5E93F5 priority=interactive
14:17:28.101 TTS schedule dispatch request=EDB1BB5F-C449-40A6-B59B-E6284F5E93F5 priority=interactive queueMs=0 active=1 pending=0
14:17:28.933 TTS clone response request=EDB1BB5F-C449-40A6-B59B-E6284F5E93F5 status=200 quota=async attempt=1 remaining=7082
14:17:28.976 TTS part begin para=3 part=3 request=9633E8A2-FDA9-4276-828E-632A912E03E9 priority=interactive
14:17:28.977 TTS schedule dispatch request=9633E8A2-FDA9-4276-828E-632A912E03E9 priority=interactive queueMs=0 active=1 pending=0
14:17:31.213 TTS clone response request=9633E8A2-FDA9-4276-828E-632A912E03E9 status=200 quota=async attempt=1 remaining=7078
14:17:31.255 TTS part begin para=3 part=4 request=590EEB2C-8EC2-4E4B-AD4B-955F269F4017 priority=interactive
14:17:31.256 TTS schedule dispatch request=590EEB2C-8EC2-4E4B-AD4B-955F269F4017 priority=interactive queueMs=0 active=1 pending=0
14:17:32.367 TTS clone response request=590EEB2C-8EC2-4E4B-AD4B-955F269F4017 status=200 quota=async attempt=1 remaining=7075
14:17:32.408 TTS part begin para=3 part=5 request=75A1B746-117D-4406-8E74-130EC5B14022 priority=interactive
14:17:32.409 TTS schedule dispatch request=75A1B746-117D-4406-8E74-130EC5B14022 priority=interactive queueMs=0 active=1 pending=0
14:17:34.463 TTS clone response request=75A1B746-117D-4406-8E74-130EC5B14022 status=200 quota=async attempt=1 remaining=7069
14:17:34.541 AUDIO producer expected=Y owner=explain gen=2 segment=nil
14:17:34.542 AUDIO enqueue segment=3-0 queue=1 waiting=N auto=N
14:17:34.543 AUDIO enqueue segment=3-1 queue=2 waiting=N auto=N
14:17:34.543 AUDIO enqueue segment=3-2 queue=3 waiting=N auto=N
14:17:34.544 AUDIO enqueue segment=3-3 queue=4 waiting=N auto=N
14:17:34.544 AUDIO enqueue segment=3-4 queue=5 waiting=N auto=N
14:17:34.544 AUDIO enqueue segment=3-5 queue=6 waiting=N auto=N
14:17:34.545 AUDIO producer expected=N owner=explain gen=2 segment=nil
14:18:32.179 AUDIO stage segment=3-0 index=0/6 duration=2.62
14:18:32.261 AUDIO ready segment=3-0 duration=2.62 auto=Y
14:18:32.282 AUDIO state reason=time-control actual=paused waiting=Y rate=1.25 segment=3-0
14:18:32.304 AUDIO state reason=time-control actual=playing waiting=N rate=1.25 segment=3-0
14:18:34.466 AUDIO item finished segment=3-0 index=0/6
14:18:34.467 AUDIO advance segment from=3-0 to=3-1
14:18:34.468 AUDIO stage segment=3-1 index=1/6 duration=8.21
14:18:34.502 AUDIO ready segment=3-1 duration=8.21 auto=Y
14:18:34.522 AUDIO state reason=time-control actual=paused waiting=Y rate=1.25 segment=3-1
14:18:34.553 AUDIO state reason=time-control actual=playing waiting=N rate=1.25 segment=3-1
14:18:41.166 AUDIO item finished segment=3-1 index=1/6
14:18:41.166 AUDIO advance segment from=3-1 to=3-2
14:18:41.167 AUDIO stage segment=3-2 index=2/6 duration=5.26
14:18:41.202 AUDIO ready segment=3-2 duration=5.26 auto=Y
14:18:41.223 AUDIO state reason=time-control actual=paused waiting=Y rate=1.25 segment=3-2
14:18:41.243 AUDIO state reason=time-control actual=playing waiting=N rate=1.25 segment=3-2
14:18:45.506 AUDIO item finished segment=3-2 index=2/6
14:18:45.506 AUDIO advance segment from=3-2 to=3-3
14:18:45.507 AUDIO stage segment=3-3 index=3/6 duration=4.54
14:18:45.543 AUDIO ready segment=3-3 duration=4.54 auto=Y
14:18:45.563 AUDIO state reason=time-control actual=paused waiting=Y rate=1.25 segment=3-3
14:18:45.593 AUDIO state reason=time-control actual=playing waiting=N rate=1.25 segment=3-3
14:18:49.266 AUDIO item finished segment=3-3 index=3/6
14:18:49.266 AUDIO advance segment from=3-3 to=3-4
14:18:49.267 AUDIO stage segment=3-4 index=4/6 duration=3.34
14:18:49.304 AUDIO ready segment=3-4 duration=3.34 auto=Y
14:18:49.304 AUDIO state reason=time-control actual=paused waiting=Y rate=1.25 segment=3-4
14:18:49.326 AUDIO state reason=time-control actual=playing waiting=N rate=1.25 segment=3-4
14:18:52.066 AUDIO item finished segment=3-4 index=4/6
14:18:52.066 AUDIO advance segment from=3-4 to=3-5
14:18:52.067 AUDIO stage segment=3-5 index=5/6 duration=5.66
14:18:52.102 AUDIO ready segment=3-5 duration=5.66 auto=Y
14:18:52.123 AUDIO state reason=time-control actual=paused waiting=Y rate=1.25 segment=3-5
14:18:52.143 AUDIO state reason=time-control actual=playing waiting=N rate=1.25 segment=3-5
14:18:56.736 AUDIO item finished segment=3-5 index=5/6
14:18:56.736 AUDIO queue complete segment=3-5 queue=6
14:23:35.324 AUDIO producer expected=Y owner=explain gen=2 segment=nil
14:23:35.377 TTS part begin para=0 part=0 request=8BCA36D4-3C14-4A24-9A9C-8FCE0D2720DE priority=interactive
14:23:35.392 TTS schedule dispatch request=8BCA36D4-3C14-4A24-9A9C-8FCE0D2720DE priority=interactive queueMs=0 active=1 pending=0
14:23:40.659 TTS clone response request=8BCA36D4-3C14-4A24-9A9C-8FCE0D2720DE status=200 quota=async attempt=1 remaining=7066
14:23:40.699 TTS part begin para=0 part=1 request=069E956A-7F55-408E-97B1-1B68CFC89BF3 priority=interactive
14:23:40.700 TTS schedule dispatch request=069E956A-7F55-408E-97B1-1B68CFC89BF3 priority=interactive queueMs=0 active=1 pending=0
14:23:41.488 TTS clone response request=069E956A-7F55-408E-97B1-1B68CFC89BF3 status=200 quota=async attempt=1 remaining=7061
14:23:41.527 TTS part begin para=0 part=2 request=C38E609B-000F-4954-9D9A-94A2781ED9AF priority=interactive
14:23:41.528 TTS schedule dispatch request=C38E609B-000F-4954-9D9A-94A2781ED9AF priority=interactive queueMs=0 active=1 pending=0
14:23:42.397 TTS clone response request=C38E609B-000F-4954-9D9A-94A2781ED9AF status=200 quota=async attempt=1 remaining=7056
14:23:42.436 TTS part begin para=0 part=3 request=78C869BE-6CBE-46A9-A462-8DA541137319 priority=interactive
14:23:42.436 TTS schedule dispatch request=78C869BE-6CBE-46A9-A462-8DA541137319 priority=interactive queueMs=0 active=1 pending=0
14:23:43.765 TTS clone response request=78C869BE-6CBE-46A9-A462-8DA541137319 status=200 quota=async attempt=1 remaining=7046
14:23:43.804 TTS part begin para=0 part=4 request=5F781B89-8342-4F9D-BA0C-B0C6B52B8F8D priority=interactive
14:23:43.805 TTS schedule dispatch request=5F781B89-8342-4F9D-BA0C-B0C6B52B8F8D priority=interactive queueMs=0 active=1 pending=0
14:23:44.708 TTS clone response request=5F781B89-8342-4F9D-BA0C-B0C6B52B8F8D status=200 quota=async attempt=1 remaining=7041
14:23:44.842 AUDIO producer expected=Y owner=explain gen=2 segment=nil
14:23:44.843 AUDIO enqueue segment=0-0 queue=1 waiting=N auto=Y
14:23:44.844 AUDIO stage segment=0-0 index=0/1 duration=3.65
14:23:44.852 AUDIO enqueue segment=0-1 queue=2 waiting=N auto=Y
14:23:44.853 AUDIO enqueue segment=0-2 queue=3 waiting=N auto=Y
14:23:44.853 AUDIO enqueue segment=0-3 queue=4 waiting=N auto=Y
14:23:44.854 AUDIO enqueue segment=0-4 queue=5 waiting=N auto=Y
14:23:44.854 AUDIO producer expected=N owner=explain gen=2 segment=0-0
14:23:44.915 AUDIO ready segment=0-0 duration=3.65 auto=Y
14:23:44.916 AUDIO state reason=time-control actual=paused waiting=Y rate=1.25 segment=0-0
14:23:44.938 AUDIO state reason=time-control actual=playing waiting=N rate=1.25 segment=0-0
14:23:47.940 AUDIO item finished segment=0-0 index=0/5
14:23:47.941 AUDIO advance segment from=0-0 to=0-1
14:23:47.942 AUDIO stage segment=0-1 index=1/5 duration=4.37
14:23:47.977 AUDIO ready segment=0-1 duration=4.37 auto=Y
14:23:47.978 AUDIO state reason=time-control actual=paused waiting=Y rate=1.25 segment=0-1
14:23:47.999 AUDIO state reason=time-control actual=playing waiting=N rate=1.25 segment=0-1
14:23:51.570 AUDIO item finished segment=0-1 index=1/5
14:23:51.570 AUDIO advance segment from=0-1 to=0-2
14:23:51.571 AUDIO stage segment=0-2 index=2/5 duration=4.70
14:23:51.609 AUDIO ready segment=0-2 duration=4.70 auto=Y
14:23:51.629 AUDIO state reason=time-control actual=paused waiting=Y rate=1.25 segment=0-2
14:23:51.657 AUDIO state reason=time-control actual=playing waiting=N rate=1.25 segment=0-2
14:23:55.470 AUDIO item finished segment=0-2 index=2/5
14:23:55.470 AUDIO advance segment from=0-2 to=0-3
14:23:55.471 AUDIO stage segment=0-3 index=3/5 duration=8.93
14:23:55.506 AUDIO ready segment=0-3 duration=8.93 auto=Y
14:23:55.525 AUDIO state reason=time-control actual=paused waiting=Y rate=1.25 segment=0-3
14:23:55.555 AUDIO state reason=time-control actual=playing waiting=N rate=1.25 segment=0-3
14:24:02.750 AUDIO item finished segment=0-3 index=3/5
14:24:02.751 AUDIO advance segment from=0-3 to=0-4
14:24:02.752 AUDIO stage segment=0-4 index=4/5 duration=5.98
14:24:02.786 AUDIO ready segment=0-4 duration=5.98 auto=Y
14:24:02.805 AUDIO state reason=time-control actual=paused waiting=Y rate=1.25 segment=0-4
14:24:02.836 AUDIO state reason=time-control actual=playing waiting=N rate=1.25 segment=0-4
14:24:07.660 AUDIO item finished segment=0-4 index=4/5
14:24:07.661 AUDIO queue complete segment=0-4 queue=5
14:24:07.663 AUDIO producer expected=Y owner=explain gen=2 segment=nil
14:24:07.669 TTS part begin para=1 part=0 request=157CDFA1-2360-4E9D-B504-01B61B9029C3 priority=interactive
14:24:07.691 TTS schedule dispatch request=157CDFA1-2360-4E9D-B504-01B61B9029C3 priority=interactive queueMs=0 active=1 pending=0
14:24:08.378 TTS clone response request=157CDFA1-2360-4E9D-B504-01B61B9029C3 status=200 quota=async attempt=1 remaining=7038
14:24:08.418 TTS part begin para=1 part=1 request=A04DF0E0-6913-495C-838F-D586CB3E3EA8 priority=interactive
14:24:08.419 TTS schedule dispatch request=A04DF0E0-6913-495C-838F-D586CB3E3EA8 priority=interactive queueMs=0 active=1 pending=0
14:24:09.538 TTS clone response request=A04DF0E0-6913-495C-838F-D586CB3E3EA8 status=200 quota=async attempt=1 remaining=7029
14:24:09.577 TTS part begin para=1 part=2 request=DC1E0CE8-D2AB-4F51-A83B-742BF506EB3D priority=interactive
14:24:09.577 TTS schedule dispatch request=DC1E0CE8-D2AB-4F51-A83B-742BF506EB3D priority=interactive queueMs=0 active=1 pending=0
14:24:10.512 TTS clone response request=DC1E0CE8-D2AB-4F51-A83B-742BF506EB3D status=200 quota=async attempt=1 remaining=7022
14:24:10.578 AUDIO producer expected=Y owner=explain gen=2 segment=nil
14:24:10.578 AUDIO enqueue segment=1-0 queue=1 waiting=N auto=Y
14:24:10.579 AUDIO stage segment=1-0 index=0/1 duration=4.30
14:24:10.585 AUDIO enqueue segment=1-1 queue=2 waiting=N auto=Y
14:24:10.585 AUDIO enqueue segment=1-2 queue=3 waiting=N auto=Y
14:24:10.586 AUDIO producer expected=N owner=explain gen=2 segment=1-0
14:24:10.637 AUDIO ready segment=1-0 duration=4.30 auto=Y
14:24:10.637 AUDIO state reason=time-control actual=paused waiting=Y rate=1.25 segment=1-0
14:24:10.660 AUDIO state reason=time-control actual=playing waiting=N rate=1.25 segment=1-0
14:24:14.179 AUDIO item finished segment=1-0 index=0/3
14:24:14.179 AUDIO advance segment from=1-0 to=1-1
14:24:14.180 AUDIO stage segment=1-1 index=1/3 duration=9.02
14:24:14.215 AUDIO ready segment=1-1 duration=9.02 auto=Y
14:24:14.215 AUDIO state reason=time-control actual=paused waiting=Y rate=1.25 segment=1-1
14:24:14.240 AUDIO state reason=time-control actual=playing waiting=N rate=1.25 segment=1-1
14:24:21.529 AUDIO item finished segment=1-1 index=1/3
14:24:21.530 AUDIO advance segment from=1-1 to=1-2
14:24:21.531 AUDIO stage segment=1-2 index=2/3 duration=6.14
14:24:21.567 AUDIO ready segment=1-2 duration=6.14 auto=Y
14:24:21.587 AUDIO state reason=time-control actual=paused waiting=Y rate=1.25 segment=1-2
14:24:21.615 AUDIO state reason=time-control actual=playing waiting=N rate=1.25 segment=1-2
14:24:26.580 AUDIO item finished segment=1-2 index=2/3
14:24:26.581 AUDIO queue complete segment=1-2 queue=3
14:24:26.582 AUDIO producer expected=Y owner=explain gen=2 segment=nil
14:24:26.597 TTS part begin para=2 part=0 request=17B4609D-0FE1-4F0D-80BF-856BA1146F31 priority=interactive
14:24:26.620 TTS schedule dispatch request=17B4609D-0FE1-4F0D-80BF-856BA1146F31 priority=interactive queueMs=0 active=1 pending=0
14:24:27.148 TTS clone response request=17B4609D-0FE1-4F0D-80BF-856BA1146F31 status=200 quota=async attempt=1 remaining=7020
14:24:27.186 TTS part begin para=2 part=1 request=C6623A44-9FA4-4695-9457-3E2F9B50F9A1 priority=interactive
14:24:27.187 TTS schedule dispatch request=C6623A44-9FA4-4695-9457-3E2F9B50F9A1 priority=interactive queueMs=0 active=1 pending=0
14:24:27.790 TTS clone response request=C6623A44-9FA4-4695-9457-3E2F9B50F9A1 status=200 quota=async attempt=1 remaining=7016
14:24:27.829 TTS part begin para=2 part=2 request=AD875915-630D-4D7B-9BD1-6F7F5CDB20DE priority=interactive
14:24:27.830 TTS schedule dispatch request=AD875915-630D-4D7B-9BD1-6F7F5CDB20DE priority=interactive queueMs=0 active=1 pending=0
14:24:28.510 TTS clone response request=AD875915-630D-4D7B-9BD1-6F7F5CDB20DE status=200 quota=async attempt=1 remaining=7011
14:24:28.549 TTS part begin para=2 part=3 request=2CFE609D-78CB-4C6B-865B-BB02B54124BA priority=interactive
14:24:28.549 TTS schedule dispatch request=2CFE609D-78CB-4C6B-865B-BB02B54124BA priority=interactive queueMs=0 active=1 pending=0
14:24:29.430 TTS clone response request=2CFE609D-78CB-4C6B-865B-BB02B54124BA status=200 quota=async attempt=1 remaining=7006
14:24:29.468 TTS part begin para=2 part=4 request=5686EEF7-9A06-45C0-8797-AC3934A07006 priority=interactive
14:24:29.469 TTS schedule dispatch request=5686EEF7-9A06-45C0-8797-AC3934A07006 priority=interactive queueMs=0 active=1 pending=0
14:24:30.286 TTS clone response request=5686EEF7-9A06-45C0-8797-AC3934A07006 status=200 quota=async attempt=1 remaining=7001
14:24:30.365 AUDIO producer expected=Y owner=explain gen=2 segment=nil
14:24:30.365 AUDIO enqueue segment=2-0 queue=1 waiting=N auto=Y
14:24:30.366 AUDIO stage segment=2-0 index=0/1 duration=3.02
14:24:30.373 AUDIO enqueue segment=2-1 queue=2 waiting=N auto=Y
14:24:30.373 AUDIO enqueue segment=2-2 queue=3 waiting=N auto=Y
14:24:30.374 AUDIO enqueue segment=2-3 queue=4 waiting=N auto=Y
14:24:30.374 AUDIO enqueue segment=2-4 queue=5 waiting=N auto=Y
14:24:30.375 AUDIO producer expected=N owner=explain gen=2 segment=2-0
14:24:30.424 AUDIO ready segment=2-0 duration=3.02 auto=Y
14:24:30.425 AUDIO state reason=time-control actual=paused waiting=Y rate=1.25 segment=2-0
14:24:30.448 AUDIO state reason=time-control actual=playing waiting=N rate=1.25 segment=2-0
14:24:32.950 AUDIO item finished segment=2-0 index=0/5
14:24:32.951 AUDIO advance segment from=2-0 to=2-1
14:24:32.952 AUDIO stage segment=2-1 index=1/5 duration=3.58
14:24:32.986 AUDIO ready segment=2-1 duration=3.58 auto=Y
14:24:32.986 AUDIO state reason=time-control actual=paused waiting=Y rate=1.25 segment=2-1
14:24:33.007 AUDIO state reason=time-control actual=playing waiting=N rate=1.25 segment=2-1
14:24:35.940 AUDIO item finished segment=2-1 index=1/5
14:24:35.941 AUDIO advance segment from=2-1 to=2-2
14:24:35.942 AUDIO stage segment=2-2 index=2/5 duration=4.46
14:24:35.980 AUDIO ready segment=2-2 duration=4.46 auto=Y
14:24:35.980 AUDIO state reason=time-control actual=paused waiting=Y rate=1.25 segment=2-2
14:24:36.006 AUDIO state reason=time-control actual=playing waiting=N rate=1.25 segment=2-2
14:24:39.650 AUDIO item finished segment=2-2 index=2/5
14:24:39.651 AUDIO advance segment from=2-2 to=2-3
14:24:39.652 AUDIO stage segment=2-3 index=3/5 duration=5.90
14:24:39.687 AUDIO ready segment=2-3 duration=5.90 auto=Y
14:24:39.706 AUDIO state reason=time-control actual=paused waiting=Y rate=1.25 segment=2-3
14:24:39.737 AUDIO state reason=time-control actual=playing waiting=N rate=1.25 segment=2-3
14:24:44.510 AUDIO item finished segment=2-3 index=3/5
14:24:44.511 AUDIO advance segment from=2-3 to=2-4
14:24:44.512 AUDIO stage segment=2-4 index=4/5 duration=5.18
14:24:44.547 AUDIO ready segment=2-4 duration=5.18 auto=Y
14:24:44.548 AUDIO state reason=time-control actual=paused waiting=Y rate=1.25 segment=2-4
14:24:44.568 AUDIO state reason=time-control actual=playing waiting=N rate=1.25 segment=2-4
14:24:48.791 AUDIO item finished segment=2-4 index=4/5
14:24:48.791 AUDIO queue complete segment=2-4 queue=5
14:24:48.793 AUDIO producer expected=Y owner=explain gen=2 segment=nil
14:24:48.793 AUDIO enqueue segment=3-0 queue=1 waiting=N auto=Y
14:24:48.793 AUDIO stage segment=3-0 index=0/1 duration=2.62
14:24:48.802 AUDIO enqueue segment=3-1 queue=2 waiting=N auto=Y
14:24:48.802 AUDIO enqueue segment=3-2 queue=3 waiting=N auto=Y
14:24:48.802 AUDIO enqueue segment=3-3 queue=4 waiting=N auto=Y
14:24:48.802 AUDIO enqueue segment=3-4 queue=5 waiting=N auto=Y
14:24:48.803 AUDIO enqueue segment=3-5 queue=6 waiting=N auto=Y
14:24:48.803 AUDIO producer expected=N owner=explain gen=2 segment=3-0
14:24:48.852 AUDIO ready segment=3-0 duration=2.62 auto=Y
14:24:48.852 AUDIO state reason=time-control actual=paused waiting=Y rate=1.25 segment=3-0
14:24:48.875 AUDIO state reason=time-control actual=playing waiting=N rate=1.25 segment=3-0
14:24:51.051 AUDIO item finished segment=3-0 index=0/6
14:24:51.051 AUDIO advance segment from=3-0 to=3-1
14:24:51.052 AUDIO stage segment=3-1 index=1/6 duration=8.21
14:24:51.089 AUDIO ready segment=3-1 duration=8.21 auto=Y
14:24:51.109 AUDIO state reason=time-control actual=paused waiting=Y rate=1.25 segment=3-1
14:24:51.139 AUDIO state reason=time-control actual=playing waiting=N rate=1.25 segment=3-1
14:24:57.751 AUDIO item finished segment=3-1 index=1/6
14:24:57.751 AUDIO advance segment from=3-1 to=3-2
14:24:57.752 AUDIO stage segment=3-2 index=2/6 duration=5.26
14:24:57.785 AUDIO ready segment=3-2 duration=5.26 auto=Y
14:24:57.807 AUDIO state reason=time-control actual=paused waiting=Y rate=1.25 segment=3-2
14:24:57.828 AUDIO state reason=time-control actual=playing waiting=N rate=1.25 segment=3-2
14:25:02.091 AUDIO item finished segment=3-2 index=2/6
14:25:02.092 AUDIO advance segment from=3-2 to=3-3
14:25:02.093 AUDIO stage segment=3-3 index=3/6 duration=4.54
14:25:02.132 AUDIO ready segment=3-3 duration=4.54 auto=Y
14:25:02.132 AUDIO state reason=time-control actual=paused waiting=Y rate=1.25 segment=3-3
14:25:02.158 AUDIO state reason=time-control actual=playing waiting=N rate=1.25 segment=3-3
14:25:05.861 AUDIO item finished segment=3-3 index=3/6
14:25:05.861 AUDIO advance segment from=3-3 to=3-4
14:25:05.862 AUDIO stage segment=3-4 index=4/6 duration=3.34
14:25:05.899 AUDIO ready segment=3-4 duration=3.34 auto=Y
14:25:05.899 AUDIO state reason=time-control actual=paused waiting=Y rate=1.25 segment=3-4
14:25:05.923 AUDIO state reason=time-control actual=playing waiting=N rate=1.25 segment=3-4
14:25:08.661 AUDIO item finished segment=3-4 index=4/6
14:25:08.661 AUDIO advance segment from=3-4 to=3-5
14:25:08.662 AUDIO stage segment=3-5 index=5/6 duration=5.66
14:25:08.701 AUDIO ready segment=3-5 duration=5.66 auto=Y
14:25:08.701 AUDIO state reason=time-control actual=paused waiting=Y rate=1.25 segment=3-5
14:25:08.726 AUDIO state reason=time-control actual=playing waiting=N rate=1.25 segment=3-5
14:25:13.331 AUDIO item finished segment=3-5 index=5/6
14:25:13.331 AUDIO queue complete segment=3-5 queue=6
14:25:21.573 CLONE quota status request=7D321ED4-F927-4AAD-A006-60AF0E53216F policy=monthly_120_v1 remaining=7003
14:25:23.808 CLONE quota status request=CE9A55C3-CC2D-4403-95C5-9D202099EAEB policy=monthly_120_v1 remaining=7003
14:25:47.418 AUDIO producer expected=Y owner=explain gen=2 segment=nil
14:25:47.433 TTS part begin para=3 part=0 request=81F1B106-F370-4B8A-AC05-F5BF714642BC priority=interactive
14:25:47.474 TTS schedule dispatch request=81F1B106-F370-4B8A-AC05-F5BF714642BC priority=interactive queueMs=0 active=1 pending=0
14:25:48.279 TTS clone response request=81F1B106-F370-4B8A-AC05-F5BF714642BC status=200 quota=async attempt=1 remaining=6998
14:25:48.326 TTS part begin para=3 part=1 request=258E1390-69A6-4D01-B967-2A248F8A8F93 priority=interactive
14:25:48.327 TTS schedule dispatch request=258E1390-69A6-4D01-B967-2A248F8A8F93 priority=interactive queueMs=0 active=1 pending=0
14:25:49.383 TTS clone response request=258E1390-69A6-4D01-B967-2A248F8A8F93 status=200 quota=async attempt=1 remaining=6986
14:25:49.427 TTS part begin para=3 part=2 request=BAAE38F3-4111-4FC2-8CD1-F9A9D93F2B16 priority=interactive
14:25:49.428 TTS schedule dispatch request=BAAE38F3-4111-4FC2-8CD1-F9A9D93F2B16 priority=interactive queueMs=0 active=1 pending=0
14:25:50.329 TTS clone response request=BAAE38F3-4111-4FC2-8CD1-F9A9D93F2B16 status=200 quota=async attempt=1 remaining=6978
14:25:50.374 TTS part begin para=3 part=3 request=B8D3F25B-AEE0-4470-847F-2502F4CF4634 priority=interactive
14:25:50.375 TTS schedule dispatch request=B8D3F25B-AEE0-4470-847F-2502F4CF4634 priority=interactive queueMs=0 active=1 pending=0
14:25:51.145 TTS clone response request=B8D3F25B-AEE0-4470-847F-2502F4CF4634 status=200 quota=async attempt=1 remaining=6970
14:25:51.189 TTS part begin para=3 part=4 request=2EB8B5F2-D6F7-4AF1-84E2-634668164394 priority=interactive
14:25:51.190 TTS schedule dispatch request=2EB8B5F2-D6F7-4AF1-84E2-634668164394 priority=interactive queueMs=0 active=1 pending=0
14:25:51.877 TTS clone response request=2EB8B5F2-D6F7-4AF1-84E2-634668164394 status=200 quota=async attempt=1 remaining=6965
14:25:51.921 TTS part begin para=3 part=5 request=1465B971-543C-4E4F-88A8-338C1DFF50AF priority=interactive
14:25:51.922 TTS schedule dispatch request=1465B971-543C-4E4F-88A8-338C1DFF50AF priority=interactive queueMs=0 active=1 pending=0
14:25:52.964 TTS clone response request=1465B971-543C-4E4F-88A8-338C1DFF50AF status=200 quota=async attempt=1 remaining=6956
14:25:53.051 AUDIO producer expected=Y owner=explain gen=2 segment=nil
14:25:53.052 AUDIO enqueue segment=3-0 queue=1 waiting=N auto=N
14:25:53.052 AUDIO enqueue segment=3-1 queue=2 waiting=N auto=N
14:25:53.053 AUDIO enqueue segment=3-2 queue=3 waiting=N auto=N
14:25:53.053 AUDIO enqueue segment=3-3 queue=4 waiting=N auto=N
14:25:53.053 AUDIO enqueue segment=3-4 queue=5 waiting=N auto=N
14:25:53.054 AUDIO enqueue segment=3-5 queue=6 waiting=N auto=N
14:25:53.054 AUDIO producer expected=N owner=explain gen=2 segment=nil
14:26:52.519 AUDIO stage segment=3-0 index=0/6 duration=3.10
14:26:52.581 AUDIO ready segment=3-0 duration=3.10 auto=Y
14:26:52.582 AUDIO state reason=time-control actual=paused waiting=Y rate=1.25 segment=3-0
14:26:52.607 AUDIO state reason=time-control actual=playing waiting=N rate=1.25 segment=3-0
14:26:55.167 AUDIO item finished segment=3-0 index=0/6
14:26:55.168 AUDIO advance segment from=3-0 to=3-1
14:26:55.169 AUDIO stage segment=3-1 index=1/6 duration=7.66
14:26:55.205 AUDIO ready segment=3-1 duration=7.66 auto=Y
14:26:55.224 AUDIO state reason=time-control actual=paused waiting=Y rate=1.25 segment=3-1
14:26:55.244 AUDIO state reason=time-control actual=playing waiting=N rate=1.25 segment=3-1
14:27:01.425 AUDIO item finished segment=3-1 index=1/6
14:27:01.426 AUDIO advance segment from=3-1 to=3-2
14:27:01.427 AUDIO stage segment=3-2 index=2/6 duration=6.05
14:27:01.460 AUDIO ready segment=3-2 duration=6.05 auto=Y
14:27:01.480 AUDIO state reason=time-control actual=paused waiting=Y rate=1.25 segment=3-2
14:27:01.500 AUDIO state reason=time-control actual=playing waiting=N rate=1.25 segment=3-2
14:27:06.396 AUDIO item finished segment=3-2 index=2/6
14:27:06.397 AUDIO advance segment from=3-2 to=3-3
14:27:06.398 AUDIO stage segment=3-3 index=3/6 duration=4.54
14:27:06.438 AUDIO ready segment=3-3 duration=4.54 auto=Y
14:27:06.457 AUDIO state reason=time-control actual=paused waiting=Y rate=1.25 segment=3-3
14:27:06.477 AUDIO state reason=time-control actual=playing waiting=N rate=1.25 segment=3-3
14:27:10.166 AUDIO item finished segment=3-3 index=3/6
14:27:10.167 AUDIO advance segment from=3-3 to=3-4
14:27:10.168 AUDIO stage segment=3-4 index=4/6 duration=3.82
14:27:10.204 AUDIO ready segment=3-4 duration=3.82 auto=Y
14:27:10.223 AUDIO state reason=time-control actual=paused waiting=Y rate=1.25 segment=3-4
14:27:10.242 AUDIO state reason=time-control actual=playing waiting=N rate=1.25 segment=3-4
14:27:13.356 AUDIO item finished segment=3-4 index=4/6
14:27:13.356 AUDIO advance segment from=3-4 to=3-5
14:27:13.357 AUDIO stage segment=3-5 index=5/6 duration=6.62
14:27:13.392 AUDIO ready segment=3-5 duration=6.62 auto=Y
14:27:13.411 AUDIO state reason=time-control actual=paused waiting=Y rate=1.25 segment=3-5
14:27:13.442 AUDIO state reason=time-control actual=playing waiting=N rate=1.25 segment=3-5
14:27:18.785 AUDIO item finished segment=3-5 index=5/6
14:27:18.786 AUDIO queue complete segment=3-5 queue=6
14:28:08.594 AUDIO producer expected=Y owner=explain gen=2 segment=nil
14:28:08.644 TTS part begin para=0 part=0 request=94775BC5-6357-4266-9182-8EC5071A251B priority=interactive
14:28:08.660 TTS schedule dispatch request=94775BC5-6357-4266-9182-8EC5071A251B priority=interactive queueMs=0 active=1 pending=0
14:28:09.403 TTS clone response request=94775BC5-6357-4266-9182-8EC5071A251B status=200 quota=async attempt=1 remaining=6950
14:28:09.443 TTS part begin para=0 part=1 request=B6DA760E-D528-4074-8736-A95786E85456 priority=interactive
14:28:09.444 TTS schedule dispatch request=B6DA760E-D528-4074-8736-A95786E85456 priority=interactive queueMs=0 active=1 pending=0
14:28:10.356 TTS clone response request=B6DA760E-D528-4074-8736-A95786E85456 status=200 quota=async attempt=1 remaining=6943
14:28:10.395 TTS part begin para=0 part=2 request=1B102103-C8C6-4E29-B73A-A07BF37C48A6 priority=interactive
14:28:10.396 TTS schedule dispatch request=1B102103-C8C6-4E29-B73A-A07BF37C48A6 priority=interactive queueMs=0 active=1 pending=0
14:28:11.337 TTS clone response request=1B102103-C8C6-4E29-B73A-A07BF37C48A6 status=200 quota=async attempt=1 remaining=6934
14:28:11.378 TTS part begin para=0 part=3 request=24D17DA0-1924-40B3-9D9B-61D60CE37A9D priority=interactive
14:28:11.379 TTS schedule dispatch request=24D17DA0-1924-40B3-9D9B-61D60CE37A9D priority=interactive queueMs=0 active=1 pending=0
14:28:14.721 TTS clone response request=24D17DA0-1924-40B3-9D9B-61D60CE37A9D status=200 quota=async attempt=1 remaining=6921
14:28:14.761 TTS part begin para=0 part=4 request=38721533-9C4D-4A12-8C84-A76E4D3CD68B priority=interactive
14:28:14.762 TTS schedule dispatch request=38721533-9C4D-4A12-8C84-A76E4D3CD68B priority=interactive queueMs=0 active=1 pending=0
14:28:15.802 TTS clone response request=38721533-9C4D-4A12-8C84-A76E4D3CD68B status=200 quota=async attempt=1 remaining=6912
14:28:15.881 AUDIO producer expected=Y owner=explain gen=2 segment=nil
14:28:15.882 AUDIO enqueue segment=0-0 queue=1 waiting=N auto=Y
14:28:15.882 AUDIO stage segment=0-0 index=0/1 duration=3.58
14:28:15.888 AUDIO enqueue segment=0-1 queue=2 waiting=N auto=Y
14:28:15.889 AUDIO enqueue segment=0-2 queue=3 waiting=N auto=Y
14:28:15.889 AUDIO enqueue segment=0-3 queue=4 waiting=N auto=Y
14:28:15.890 AUDIO enqueue segment=0-4 queue=5 waiting=N auto=Y
14:28:15.890 AUDIO producer expected=N owner=explain gen=2 segment=0-0
14:28:15.939 AUDIO ready segment=0-0 duration=3.58 auto=Y
14:28:15.940 AUDIO state reason=time-control actual=paused waiting=Y rate=1.25 segment=0-0
14:28:15.962 AUDIO state reason=time-control actual=playing waiting=N rate=1.25 segment=0-0
14:28:18.916 AUDIO item finished segment=0-0 index=0/5
14:28:18.917 AUDIO advance segment from=0-0 to=0-1
14:28:18.918 AUDIO stage segment=0-1 index=1/5 duration=5.98
14:28:18.955 AUDIO ready segment=0-1 duration=5.98 auto=Y
14:28:18.975 AUDIO state reason=time-control actual=paused waiting=Y rate=1.25 segment=0-1
14:28:19.003 AUDIO state reason=time-control actual=playing waiting=N rate=1.25 segment=0-1
14:28:23.817 AUDIO item finished segment=0-1 index=1/5
14:28:23.817 AUDIO advance segment from=0-1 to=0-2
14:28:23.818 AUDIO stage segment=0-2 index=2/5 duration=6.14
14:28:23.852 AUDIO ready segment=0-2 duration=6.14 auto=Y
14:28:23.871 AUDIO state reason=time-control actual=paused waiting=Y rate=1.25 segment=0-2
14:28:23.901 AUDIO state reason=time-control actual=playing waiting=N rate=1.25 segment=0-2
14:28:28.860 AUDIO item finished segment=0-2 index=2/5
14:28:28.861 AUDIO advance segment from=0-2 to=0-3
14:28:28.862 AUDIO stage segment=0-3 index=3/5 duration=10.46
14:28:28.901 AUDIO ready segment=0-3 duration=10.46 auto=Y
14:28:28.901 AUDIO state reason=time-control actual=paused waiting=Y rate=1.25 segment=0-3
14:28:28.925 AUDIO state reason=time-control actual=playing waiting=N rate=1.25 segment=0-3
14:28:37.351 AUDIO item finished segment=0-3 index=3/5
14:28:37.351 AUDIO advance segment from=0-3 to=0-4
14:28:37.352 AUDIO stage segment=0-4 index=4/5 duration=6.53
14:28:37.384 AUDIO ready segment=0-4 duration=6.53 auto=Y
14:28:37.403 AUDIO state reason=time-control actual=paused waiting=Y rate=1.25 segment=0-4
14:28:37.435 AUDIO state reason=time-control actual=playing waiting=N rate=1.25 segment=0-4
14:28:42.708 AUDIO item finished segment=0-4 index=4/5
14:28:42.709 AUDIO queue complete segment=0-4 queue=5
14:28:42.710 AUDIO producer expected=Y owner=explain gen=2 segment=nil
14:28:42.741 TTS part begin para=1 part=0 request=CC2360E4-09E9-4C3D-A250-042297B244D3 priority=interactive
14:28:42.741 TTS schedule dispatch request=CC2360E4-09E9-4C3D-A250-042297B244D3 priority=interactive queueMs=0 active=1 pending=0
14:28:43.406 TTS clone response request=CC2360E4-09E9-4C3D-A250-042297B244D3 status=200 quota=async attempt=1 remaining=6906
14:28:43.447 TTS part begin para=1 part=1 request=8F8DA94C-3AA1-429D-AB3E-6DAF1DBFFC42 priority=interactive
14:28:43.447 TTS schedule dispatch request=8F8DA94C-3AA1-429D-AB3E-6DAF1DBFFC42 priority=interactive queueMs=0 active=1 pending=0
14:28:44.871 TTS clone response request=8F8DA94C-3AA1-429D-AB3E-6DAF1DBFFC42 status=200 quota=async attempt=1 remaining=6894
14:28:44.911 TTS part begin para=1 part=2 request=C802D285-1127-4414-A113-0DC3F1E167FF priority=interactive
14:28:44.912 TTS schedule dispatch request=C802D285-1127-4414-A113-0DC3F1E167FF priority=interactive queueMs=0 active=1 pending=0
14:28:45.993 TTS clone response request=C802D285-1127-4414-A113-0DC3F1E167FF status=200 quota=async attempt=1 remaining=6885
14:28:46.076 AUDIO producer expected=Y owner=explain gen=2 segment=nil
14:28:46.077 AUDIO enqueue segment=1-0 queue=1 waiting=N auto=Y
14:28:46.077 AUDIO stage segment=1-0 index=0/1 duration=3.82
14:28:46.083 AUDIO enqueue segment=1-1 queue=2 waiting=N auto=Y
14:28:46.084 AUDIO enqueue segment=1-2 queue=3 waiting=N auto=Y
14:28:46.084 AUDIO producer expected=N owner=explain gen=2 segment=1-0
14:28:46.134 AUDIO ready segment=1-0 duration=3.82 auto=Y
14:28:46.134 AUDIO state reason=time-control actual=paused waiting=Y rate=1.25 segment=1-0
14:28:46.156 AUDIO state reason=time-control actual=playing waiting=N rate=1.25 segment=1-0
14:28:49.297 AUDIO item finished segment=1-0 index=0/3
14:28:49.298 AUDIO advance segment from=1-0 to=1-1
14:28:49.299 AUDIO stage segment=1-1 index=1/3 duration=8.69
14:28:49.334 AUDIO ready segment=1-1 duration=8.69 auto=Y
14:28:49.353 AUDIO state reason=time-control actual=paused waiting=Y rate=1.25 segment=1-1
14:28:49.383 AUDIO state reason=time-control actual=playing waiting=N rate=1.25 segment=1-1
14:28:56.376 AUDIO item finished segment=1-1 index=1/3
14:28:56.376 AUDIO advance segment from=1-1 to=1-2
14:28:56.378 AUDIO stage segment=1-2 index=2/3 duration=7.18
14:28:56.414 AUDIO ready segment=1-2 duration=7.18 auto=Y
14:28:56.434 AUDIO state reason=time-control actual=paused waiting=Y rate=1.25 segment=1-2
14:28:56.463 AUDIO state reason=time-control actual=playing waiting=N rate=1.25 segment=1-2
14:29:02.244 AUDIO item finished segment=1-2 index=2/3
14:29:02.245 AUDIO queue complete segment=1-2 queue=3
14:29:02.246 AUDIO producer expected=Y owner=explain gen=2 segment=nil
14:29:02.261 TTS part begin para=2 part=0 request=49ABDF20-C43F-4FAA-9B45-154A86BAD7DC priority=interactive
14:29:02.280 TTS schedule dispatch request=49ABDF20-C43F-4FAA-9B45-154A86BAD7DC priority=interactive queueMs=0 active=1 pending=0
14:29:03.810 TTS clone response request=49ABDF20-C43F-4FAA-9B45-154A86BAD7DC status=200 quota=async attempt=1 remaining=6881
14:29:03.851 TTS part begin para=2 part=1 request=9D643510-E38C-4FB1-A62E-CC10C132E3CD priority=interactive
14:29:03.852 TTS schedule dispatch request=9D643510-E38C-4FB1-A62E-CC10C132E3CD priority=interactive queueMs=0 active=1 pending=0
14:29:04.991 TTS clone response request=9D643510-E38C-4FB1-A62E-CC10C132E3CD status=200 quota=async attempt=1 remaining=6875
14:29:05.029 TTS part begin para=2 part=2 request=964915B4-1C0D-4B6B-B352-9868658433CD priority=interactive
14:29:05.030 TTS schedule dispatch request=964915B4-1C0D-4B6B-B352-9868658433CD priority=interactive queueMs=0 active=1 pending=0
14:29:06.680 TTS clone response request=964915B4-1C0D-4B6B-B352-9868658433CD status=200 quota=async attempt=1 remaining=6868
14:29:06.720 TTS part begin para=2 part=3 request=C47167F0-DBF4-4B36-8A35-90997A4B8FCF priority=interactive
14:29:06.721 TTS schedule dispatch request=C47167F0-DBF4-4B36-8A35-90997A4B8FCF priority=interactive queueMs=0 active=1 pending=0
14:29:07.757 TTS clone response request=C47167F0-DBF4-4B36-8A35-90997A4B8FCF status=200 quota=async attempt=1 remaining=6860
14:29:07.797 TTS part begin para=2 part=4 request=D0A04BA4-47C1-47A1-B278-2C5D3FE06AD6 priority=interactive
14:29:07.798 TTS schedule dispatch request=D0A04BA4-47C1-47A1-B278-2C5D3FE06AD6 priority=interactive queueMs=0 active=1 pending=0
14:29:09.100 TTS clone response request=D0A04BA4-47C1-47A1-B278-2C5D3FE06AD6 status=200 quota=async attempt=1 remaining=6853
14:29:09.188 AUDIO producer expected=Y owner=explain gen=2 segment=nil
14:29:09.189 AUDIO enqueue segment=2-0 queue=1 waiting=N auto=Y
14:29:09.190 AUDIO stage segment=2-0 index=0/1 duration=10.37
14:29:09.196 AUDIO enqueue segment=2-1 queue=2 waiting=N auto=Y
14:29:09.197 AUDIO enqueue segment=2-2 queue=3 waiting=N auto=Y
14:29:09.197 AUDIO enqueue segment=2-3 queue=4 waiting=N auto=Y
14:29:09.197 AUDIO enqueue segment=2-4 queue=5 waiting=N auto=Y
14:29:09.198 AUDIO producer expected=N owner=explain gen=2 segment=2-0
14:29:09.250 AUDIO ready segment=2-0 duration=10.37 auto=Y
14:29:09.250 AUDIO state reason=time-control actual=paused waiting=Y rate=1.25 segment=2-0
14:29:09.273 AUDIO state reason=time-control actual=playing waiting=N rate=1.25 segment=2-0
14:29:17.654 AUDIO item finished segment=2-0 index=0/5
14:29:17.654 AUDIO advance segment from=2-0 to=2-1
14:29:17.655 AUDIO stage segment=2-1 index=1/5 duration=4.46
14:29:17.696 AUDIO ready segment=2-1 duration=4.46 auto=Y
14:29:17.696 AUDIO state reason=time-control actual=paused waiting=Y rate=1.25 segment=2-1
14:29:17.719 AUDIO state reason=time-control actual=playing waiting=N rate=1.25 segment=2-1
14:29:21.373 AUDIO item finished segment=2-1 index=1/5
14:29:21.374 AUDIO advance segment from=2-1 to=2-2
14:29:21.375 AUDIO stage segment=2-2 index=2/5 duration=6.62
14:29:21.411 AUDIO ready segment=2-2 duration=6.62 auto=Y
14:29:21.432 AUDIO state reason=time-control actual=paused waiting=Y rate=1.25 segment=2-2
14:29:21.463 AUDIO state reason=time-control actual=playing waiting=N rate=1.25 segment=2-2
14:29:26.803 AUDIO item finished segment=2-2 index=2/5
14:29:26.804 AUDIO advance segment from=2-2 to=2-3
14:29:26.805 AUDIO stage segment=2-3 index=3/5 duration=6.70
14:29:26.841 AUDIO ready segment=2-3 duration=6.70 auto=Y
14:29:26.861 AUDIO state reason=time-control actual=paused waiting=Y rate=1.25 segment=2-3
14:29:26.893 AUDIO state reason=time-control actual=playing waiting=N rate=1.25 segment=2-3
14:29:32.294 AUDIO item finished segment=2-3 index=3/5
14:29:32.295 AUDIO advance segment from=2-3 to=2-4
14:29:32.296 AUDIO stage segment=2-4 index=4/5 duration=5.66
14:29:32.335 AUDIO ready segment=2-4 duration=5.66 auto=Y
14:29:32.357 AUDIO state reason=time-control actual=paused waiting=Y rate=1.25 segment=2-4
14:29:32.388 AUDIO state reason=time-control actual=playing waiting=N rate=1.25 segment=2-4
14:29:36.953 AUDIO item finished segment=2-4 index=4/5
14:29:36.954 AUDIO queue complete segment=2-4 queue=5
14:29:36.956 AUDIO producer expected=Y owner=explain gen=2 segment=nil
14:29:36.956 AUDIO enqueue segment=3-0 queue=1 waiting=N auto=Y
14:29:36.956 AUDIO stage segment=3-0 index=0/1 duration=3.10
14:29:36.965 AUDIO enqueue segment=3-1 queue=2 waiting=N auto=Y
14:29:36.965 AUDIO enqueue segment=3-2 queue=3 waiting=N auto=Y
14:29:36.965 AUDIO enqueue segment=3-3 queue=4 waiting=N auto=Y
14:29:36.965 AUDIO enqueue segment=3-4 queue=5 waiting=N auto=Y
14:29:36.966 AUDIO enqueue segment=3-5 queue=6 waiting=N auto=Y
14:29:36.966 AUDIO producer expected=N owner=explain gen=2 segment=3-0
14:29:37.019 AUDIO ready segment=3-0 duration=3.10 auto=Y
14:29:37.020 AUDIO state reason=time-control actual=paused waiting=Y rate=1.25 segment=3-0
14:29:37.043 AUDIO state reason=time-control actual=playing waiting=N rate=1.25 segment=3-0
14:29:38.604 AUDIO producer expected=Y owner=explain gen=2 segment=nil
14:29:38.646 TTS part begin para=3 part=0 request=4CE9186D-B2FE-4F8A-AC8E-09750543FA5D priority=interactive
14:29:38.647 TTS schedule dispatch request=4CE9186D-B2FE-4F8A-AC8E-09750543FA5D priority=interactive queueMs=0 active=1 pending=0
14:29:39.198 TTS network request=4CE9186D-B2FE-4F8A-AC8E-09750543FA5D transaction=0 protocol=h2 reused=false setupMs=42 firstByteMs=470 downloadMs=37 totalMs=551
14:29:39.202 TTS transport response request=4CE9186D-B2FE-4F8A-AC8E-09750543FA5D host=api.castreader.cn status=200 bytes=50314 elapsedMs=554 fallback=false
14:29:39.205 TTS part begin para=3 part=1 request=FFA5CB3A-376B-406C-8517-B73842F55BB6 priority=interactive
14:29:39.207 TTS schedule dispatch request=FFA5CB3A-376B-406C-8517-B73842F55BB6 priority=interactive queueMs=0 active=1 pending=0
14:29:40.705 TTS network request=FFA5CB3A-376B-406C-8517-B73842F55BB6 transaction=0 protocol=h2 reused=true setupMs=0 firstByteMs=769 downloadMs=724 totalMs=1495
14:29:40.707 TTS transport response request=FFA5CB3A-376B-406C-8517-B73842F55BB6 host=api.castreader.cn status=200 bytes=167050 elapsedMs=1498 fallback=false
14:29:40.713 TTS part begin para=3 part=2 request=112A5B42-F303-4664-A3E6-CB1A1817939B priority=interactive
14:29:40.715 TTS schedule dispatch request=112A5B42-F303-4664-A3E6-CB1A1817939B priority=interactive queueMs=0 active=1 pending=0
14:29:41.500 TTS network request=112A5B42-F303-4664-A3E6-CB1A1817939B transaction=0 protocol=h2 reused=true setupMs=0 firstByteMs=447 downloadMs=335 totalMs=783
14:29:41.502 TTS transport response request=112A5B42-F303-4664-A3E6-CB1A1817939B host=api.castreader.cn status=200 bytes=103562 elapsedMs=785 fallback=false
14:29:41.506 TTS part begin para=3 part=3 request=3FEB28E4-A1AF-41DD-8132-0803DA2C6E6C priority=interactive
14:29:41.508 TTS schedule dispatch request=3FEB28E4-A1AF-41DD-8132-0803DA2C6E6C priority=interactive queueMs=0 active=1 pending=0
14:29:42.578 TTS network request=3FEB28E4-A1AF-41DD-8132-0803DA2C6E6C transaction=0 protocol=h2 reused=true setupMs=0 firstByteMs=516 downloadMs=551 totalMs=1068
14:29:42.581 TTS transport response request=3FEB28E4-A1AF-41DD-8132-0803DA2C6E6C host=api.castreader.cn status=200 bytes=87690 elapsedMs=1071 fallback=false
14:29:42.585 TTS part begin para=3 part=4 request=00D85C33-0856-4385-B1B5-5D09DE8F860D priority=interactive
14:29:42.587 TTS schedule dispatch request=00D85C33-0856-4385-B1B5-5D09DE8F860D priority=interactive queueMs=0 active=1 pending=0
14:29:43.115 TTS network request=00D85C33-0856-4385-B1B5-5D09DE8F860D transaction=0 protocol=h2 reused=true setupMs=0 firstByteMs=461 downloadMs=63 totalMs=526
14:29:43.118 TTS transport response request=00D85C33-0856-4385-B1B5-5D09DE8F860D host=api.castreader.cn status=200 bytes=77450 elapsedMs=529 fallback=false
14:29:43.123 TTS part begin para=3 part=5 request=AC8B032F-7427-4727-A8B4-161AA261E8F0 priority=interactive
14:29:43.125 TTS schedule dispatch request=AC8B032F-7427-4727-A8B4-161AA261E8F0 priority=interactive queueMs=0 active=1 pending=0
14:29:44.377 TTS network request=AC8B032F-7427-4727-A8B4-161AA261E8F0 transaction=0 protocol=h2 reused=true setupMs=0 firstByteMs=1049 downloadMs=198 totalMs=1250
14:29:44.380 TTS transport response request=AC8B032F-7427-4727-A8B4-161AA261E8F0 host=api.castreader.cn status=200 bytes=129162 elapsedMs=1253 fallback=false
14:29:44.433 AUDIO producer expected=Y owner=explain gen=2 segment=nil
14:29:44.435 AUDIO enqueue segment=3-0 queue=1 waiting=N auto=Y
14:29:44.436 AUDIO stage segment=3-0 index=0/1 duration=2.35
14:29:44.446 AUDIO enqueue segment=3-1 queue=2 waiting=N auto=Y
14:29:44.447 AUDIO enqueue segment=3-2 queue=3 waiting=N auto=Y
14:29:44.448 AUDIO enqueue segment=3-3 queue=4 waiting=N auto=Y
14:29:44.449 AUDIO enqueue segment=3-4 queue=5 waiting=N auto=Y
14:29:44.450 AUDIO enqueue segment=3-5 queue=6 waiting=N auto=Y
14:29:44.450 AUDIO producer expected=N owner=explain gen=2 segment=3-0
14:29:44.515 AUDIO ready segment=3-0 duration=2.35 auto=Y
14:29:44.515 AUDIO state reason=time-control actual=paused waiting=Y rate=1.25 segment=3-0
14:29:44.538 AUDIO state reason=time-control actual=playing waiting=N rate=1.25 segment=3-0
14:29:46.510 AUDIO item finished segment=3-0 index=0/6
14:29:46.511 AUDIO advance segment from=3-0 to=3-1
14:29:46.512 AUDIO stage segment=3-1 index=1/6 duration=7.82
14:29:46.547 AUDIO ready segment=3-1 duration=7.82 auto=Y
14:29:46.547 AUDIO state reason=time-control actual=paused waiting=Y rate=1.25 segment=3-1
14:29:46.570 AUDIO state reason=time-control actual=playing waiting=N rate=1.25 segment=3-1
14:29:52.900 AUDIO item finished segment=3-1 index=1/6
14:29:52.900 AUDIO advance segment from=3-1 to=3-2
14:29:52.901 AUDIO stage segment=3-2 index=2/6 duration=4.85
14:29:52.937 AUDIO ready segment=3-2 duration=4.85 auto=Y
14:29:52.958 AUDIO state reason=time-control actual=paused waiting=Y rate=1.25 segment=3-2
14:29:52.977 AUDIO state reason=time-control actual=playing waiting=N rate=1.25 segment=3-2
14:29:56.912 AUDIO item finished segment=3-2 index=2/6
14:29:56.912 AUDIO advance segment from=3-2 to=3-3
14:29:56.914 AUDIO stage segment=3-3 index=3/6 duration=4.10
14:29:56.951 AUDIO ready segment=3-3 duration=4.10 auto=Y
14:29:56.971 AUDIO state reason=time-control actual=paused waiting=Y rate=1.25 segment=3-3
14:29:56.990 AUDIO state reason=time-control actual=playing waiting=N rate=1.25 segment=3-3
14:30:00.330 AUDIO item finished segment=3-3 index=3/6
14:30:00.330 AUDIO advance segment from=3-3 to=3-4
14:30:00.331 AUDIO stage segment=3-4 index=4/6 duration=3.62
14:30:00.367 AUDIO ready segment=3-4 duration=3.62 auto=Y
14:30:00.386 AUDIO state reason=time-control actual=paused waiting=Y rate=1.25 segment=3-4
14:30:00.406 AUDIO state reason=time-control actual=playing waiting=N rate=1.25 segment=3-4
14:30:03.361 AUDIO item finished segment=3-4 index=4/6
14:30:03.362 AUDIO advance segment from=3-4 to=3-5
14:30:03.363 AUDIO stage segment=3-5 index=5/6 duration=6.05
14:30:03.398 AUDIO ready segment=3-5 duration=6.05 auto=Y
14:30:03.418 AUDIO state reason=time-control actual=paused waiting=Y rate=1.25 segment=3-5
14:30:03.437 AUDIO state reason=time-control actual=playing waiting=N rate=1.25 segment=3-5
14:30:08.330 AUDIO item finished segment=3-5 index=5/6
14:30:08.331 AUDIO queue complete segment=3-5 queue=6
14:31:12.140 HOST mode switch target=朗读 continue=N
14:31:12.141 AUDIO session released owner=explain gen=2
14:31:12.142 AUDIO session claimed owner=readAloud gen=3
14:31:12.424 HOST refocus-burst reason=mode pass=1 token=9 mode=朗读 size=0x0
14:31:12.453 TEXT refocus read para=4 token=8
14:31:13.096 HOST refocus-burst reason=mode pass=2 token=10 mode=朗读 size=0x0
14:31:13.126 TEXT refocus read para=4 token=9
14:31:14.300 HOST refocus-burst reason=mode pass=3 token=11 mode=朗读 size=0x0
14:31:14.328 TEXT refocus read para=4 token=10
14:31:16.338 HOST refocus-burst reason=mode pass=4 token=12 mode=朗读 size=0x0
14:31:16.367 TEXT refocus read para=4 token=11
14:32:18.934 READ voice switch begin from=zf_001 to=vl_b4bb75aa2d3e56fd90a2 para=4 auto=false requested=false userPaused=false
14:32:18.936 READ generate start para=0 epoch=4 chars=69
14:32:18.938 AUDIO producer expected=Y owner=readAloud gen=3 segment=nil
14:32:18.971 VIEWPORT follow source=text from=147 to=0 target=20 height=715 animated=Y
14:32:18.971 TEXT refocus read para=0 token=12
14:32:18.984 TTS part begin para=0 part=0 request=cr2-cc96f0cb252572714cb5fbe6f6da4ecbaf54168cded48f0ef9199d3312786727 priority=interactive
14:32:18.990 TTS schedule dispatch request=cr2-cc96f0cb252572714cb5fbe6f6da4ecbaf54168cded48f0ef9199d3312786727 priority=interactive queueMs=0 active=1 pending=0
14:32:19.942 TTS clone response request=cr2-cc96f0cb252572714cb5fbe6f6da4ecbaf54168cded48f0ef9199d3312786727 status=200 quota=async attempt=1 remaining=6846
14:32:19.974 READ segment ready para=0 seg=0 count=1 duration=4.61
14:32:19.975 AUDIO enqueue segment=0-0 queue=1 waiting=N auto=N
14:32:19.975 READ voice switch finished para=0
14:32:19.990 VIEWPORT follow source=text from=58 to=0 target=20 height=715 animated=Y
14:32:19.991 TEXT refocus read para=0 token=12
14:32:44.026 AUDIO stage segment=0-0 index=0/1 duration=4.61
14:32:44.074 TTS part begin para=0 part=1 request=cr2-2ce627a44d327e0eb14b27be09a4d7bfe80fd1b2239434aa15b52c5e97fa0728 priority=interactive
14:32:44.101 TTS schedule dispatch request=cr2-2ce627a44d327e0eb14b27be09a4d7bfe80fd1b2239434aa15b52c5e97fa0728 priority=interactive queueMs=0 active=1 pending=0
14:32:44.103 AUDIO ready segment=0-0 duration=4.61 auto=Y
14:32:44.103 AUDIO state reason=time-control actual=paused waiting=Y rate=1.25 segment=0-0
14:32:44.126 AUDIO state reason=time-control actual=playing waiting=N rate=1.25 segment=0-0
14:32:46.761 TTS clone response request=cr2-2ce627a44d327e0eb14b27be09a4d7bfe80fd1b2239434aa15b52c5e97fa0728 status=200 quota=async attempt=1 remaining=6841
14:32:46.770 READ segment ready para=0 seg=1 count=2 duration=5.33
14:32:46.771 AUDIO enqueue segment=0-1 queue=2 waiting=N auto=N
14:32:46.777 TEXT refocus read para=0 token=12
14:32:46.777 TTS part begin para=0 part=2 request=cr2-066661cd28961bb9c4c516601afc05c488ca801232a31a4e17ce3d3a9e9bec7b priority=interactive
14:32:46.788 TTS schedule dispatch request=cr2-066661cd28961bb9c4c516601afc05c488ca801232a31a4e17ce3d3a9e9bec7b priority=interactive queueMs=0 active=1 pending=0
14:32:47.896 AUDIO item finished segment=0-0 index=0/2
14:32:47.897 AUDIO advance segment from=0-0 to=0-1
14:32:47.898 AUDIO stage segment=0-1 index=1/2 duration=5.33
14:32:47.931 AUDIO ready segment=0-1 duration=5.33 auto=Y
14:32:47.950 AUDIO state reason=time-control actual=paused waiting=Y rate=1.25 segment=0-1
14:32:47.978 AUDIO state reason=time-control actual=playing waiting=N rate=1.25 segment=0-1
14:32:50.016 TTS clone response request=cr2-066661cd28961bb9c4c516601afc05c488ca801232a31a4e17ce3d3a9e9bec7b status=200 quota=async attempt=1 remaining=6834
14:32:50.025 READ segment ready para=0 seg=2 count=3 duration=5.57
14:32:50.026 AUDIO enqueue segment=0-2 queue=3 waiting=N auto=N
14:32:50.033 TEXT refocus read para=0 token=12
14:32:50.033 READ generate done para=0 epoch=4 segs=3
14:32:50.034 READ prefetch start para=1 epoch=4 chars=80 streaming=Y
14:32:50.049 TTS part begin para=1 part=0 request=cr2-ac5d5710ee703b46a65f4d4bf3ad35672a56bd198d7232045de06a195489f3ed priority=readAhead
14:32:50.063 TTS schedule dispatch request=cr2-ac5d5710ee703b46a65f4d4bf3ad35672a56bd198d7232045de06a195489f3ed priority=readAhead queueMs=0 active=1 pending=0
14:32:50.849 TTS clone response request=cr2-ac5d5710ee703b46a65f4d4bf3ad35672a56bd198d7232045de06a195489f3ed status=200 quota=async attempt=1 remaining=6833
14:32:50.863 READ prefetch playable para=1 seg=0 buffered=1
14:32:50.866 TTS part begin para=1 part=1 request=cr2-10a7300efb742420e72ba83fbddf98fed4f5a50e98db4967c8e164841368bca7 priority=readAhead
14:32:50.867 TTS schedule dispatch request=cr2-10a7300efb742420e72ba83fbddf98fed4f5a50e98db4967c8e164841368bca7 priority=readAhead queueMs=0 active=1 pending=0
14:32:51.867 TTS clone response request=cr2-10a7300efb742420e72ba83fbddf98fed4f5a50e98db4967c8e164841368bca7 status=200 quota=async attempt=1 remaining=6826
14:32:51.898 READ prefetch playable para=1 seg=1 buffered=2
14:32:51.898 TTS part begin para=1 part=2 request=cr2-9e323bb5c3ea3855b48530b3234585dafd13a78bf690ddccf5e278c86416117d priority=readAhead
14:32:51.899 TTS schedule dispatch request=cr2-9e323bb5c3ea3855b48530b3234585dafd13a78bf690ddccf5e278c86416117d priority=readAhead queueMs=0 active=1 pending=0
14:32:52.297 AUDIO item finished segment=0-1 index=1/3
14:32:52.297 AUDIO advance segment from=0-1 to=0-2
14:32:52.298 AUDIO stage segment=0-2 index=2/3 duration=5.57
14:32:52.331 AUDIO ready segment=0-2 duration=5.57 auto=Y
14:32:52.350 AUDIO state reason=time-control actual=paused waiting=Y rate=1.25 segment=0-2
14:32:52.379 AUDIO state reason=time-control actual=playing waiting=N rate=1.25 segment=0-2
14:32:52.650 TTS clone response request=cr2-9e323bb5c3ea3855b48530b3234585dafd13a78bf690ddccf5e278c86416117d status=200 quota=async attempt=1 remaining=6823
14:32:52.666 READ prefetch playable para=1 seg=2 buffered=3
14:32:52.666 TTS part begin para=1 part=3 request=cr2-9fd1417c73a472b15f6bc028a860135267c019c077ef5a8980a9bab5c495d6cc priority=readAhead
14:32:52.667 TTS schedule dispatch request=cr2-9fd1417c73a472b15f6bc028a860135267c019c077ef5a8980a9bab5c495d6cc priority=readAhead queueMs=0 active=1 pending=0
14:32:53.754 TTS clone response request=cr2-9fd1417c73a472b15f6bc028a860135267c019c077ef5a8980a9bab5c495d6cc status=200 quota=async attempt=1 remaining=6815
14:32:53.785 READ prefetch playable para=1 seg=3 buffered=4
14:32:53.785 READ prefetch done para=1 epoch=4 segs=4 promoted=false
14:32:56.887 AUDIO item finished segment=0-2 index=2/3
14:32:56.887 AUDIO queue complete segment=0-2 queue=3
14:32:56.887 READ completion accepted para=0 status=ready
14:32:56.888 READ advance from=0 readable=5 status=ready prefetching=- prefetched=1
14:32:56.896 READ checkpoint saved source=text item=79d6e6869e55 para=0 seg=2 time=5.568 offset=42 visual=true reflow=false word=- fraction=0.0
14:32:56.898 READ prefetch promote para=1 segs=4
14:32:56.899 AUDIO stage segment=1-0 index=0/4 duration=3.10
14:32:56.900 AUDIO stage reused segment=1-0
14:32:56.902 READ prefetch start para=2 epoch=4 chars=73 streaming=Y
14:32:56.926 TEXT refocus read para=1 token=12
14:32:56.926 TTS part begin para=2 part=0 request=cr2-1b167e072e0e731c6ee6ff55ac09f06463d6a8658d9e1eb09b4320f760dda72c priority=readAhead
14:32:56.927 TTS schedule dispatch request=cr2-1b167e072e0e731c6ee6ff55ac09f06463d6a8658d9e1eb09b4320f760dda72c priority=readAhead queueMs=0 active=1 pending=0
14:32:56.941 AUDIO ready segment=1-0 duration=3.10 auto=Y
14:32:56.961 AUDIO state reason=time-control actual=paused waiting=Y rate=1.25 segment=1-0
14:32:56.990 AUDIO state reason=time-control actual=playing waiting=N rate=1.25 segment=1-0
14:32:57.586 TTS clone response request=cr2-1b167e072e0e731c6ee6ff55ac09f06463d6a8658d9e1eb09b4320f760dda72c status=200 quota=async attempt=1 remaining=6813
14:32:57.603 READ prefetch playable para=2 seg=0 buffered=1
14:32:57.603 TTS part begin para=2 part=1 request=cr2-4bdaaac5c657f8972ef615634fc80d4ca7186f8c8030016b0b6ac52d78a0cbee priority=readAhead
14:32:57.604 TTS schedule dispatch request=cr2-4bdaaac5c657f8972ef615634fc80d4ca7186f8c8030016b0b6ac52d78a0cbee priority=readAhead queueMs=0 active=1 pending=0
14:32:58.899 TTS clone response request=cr2-4bdaaac5c657f8972ef615634fc80d4ca7186f8c8030016b0b6ac52d78a0cbee status=200 quota=async attempt=1 remaining=6804
14:32:58.916 READ prefetch playable para=2 seg=1 buffered=2
14:32:58.916 TTS part begin para=2 part=2 request=cr2-3b945fe2f17555adc5daa0a7b35dae1dd22e09e931bd72151b5e667db3e9393d priority=readAhead
14:32:58.917 TTS schedule dispatch request=cr2-3b945fe2f17555adc5daa0a7b35dae1dd22e09e931bd72151b5e667db3e9393d priority=readAhead queueMs=0 active=1 pending=0
14:32:59.516 AUDIO item finished segment=1-0 index=0/4
14:32:59.517 AUDIO advance segment from=1-0 to=1-1
14:32:59.517 AUDIO stage segment=1-1 index=1/4 duration=6.14
14:32:59.518 AUDIO stage reused segment=1-1
14:32:59.543 AUDIO ready segment=1-1 duration=6.14 auto=Y
14:32:59.561 AUDIO state reason=time-control actual=paused waiting=Y rate=1.25 segment=1-1
14:32:59.591 AUDIO state reason=time-control actual=playing waiting=N rate=1.25 segment=1-1
14:32:59.910 TTS clone response request=cr2-3b945fe2f17555adc5daa0a7b35dae1dd22e09e931bd72151b5e667db3e9393d status=200 quota=async attempt=1 remaining=6798
14:32:59.921 READ prefetch playable para=2 seg=2 buffered=3
14:32:59.921 READ prefetch done para=2 epoch=4 segs=3 promoted=false
14:33:04.557 AUDIO item finished segment=1-1 index=1/4
14:33:04.557 AUDIO advance segment from=1-1 to=1-2
14:33:04.558 AUDIO stage segment=1-2 index=2/4 duration=3.98
14:33:04.558 AUDIO stage reused segment=1-2
14:33:04.584 AUDIO ready segment=1-2 duration=3.98 auto=Y
14:33:04.603 AUDIO state reason=time-control actual=paused waiting=Y rate=1.25 segment=1-2
14:33:04.631 AUDIO state reason=time-control actual=playing waiting=N rate=1.25 segment=1-2
14:33:07.867 AUDIO item finished segment=1-2 index=2/4
14:33:07.867 AUDIO advance segment from=1-2 to=1-3
14:33:07.868 AUDIO stage segment=1-3 index=3/4 duration=5.98
14:33:07.868 AUDIO stage reused segment=1-3
14:33:07.895 AUDIO ready segment=1-3 duration=5.98 auto=Y
14:33:07.913 AUDIO state reason=time-control actual=paused waiting=Y rate=1.25 segment=1-3
14:33:07.942 AUDIO state reason=time-control actual=playing waiting=N rate=1.25 segment=1-3
14:33:12.766 AUDIO item finished segment=1-3 index=3/4
14:33:12.767 AUDIO queue complete segment=1-3 queue=4
14:33:12.767 READ completion accepted para=1 status=ready
14:33:12.768 READ advance from=1 readable=5 status=ready prefetching=- prefetched=2
14:33:12.776 READ checkpoint saved source=text item=79d6e6869e55 para=1 seg=3 time=5.976 offset=53 visual=true reflow=false word=- fraction=0.0
14:33:12.777 READ prefetch promote para=2 segs=3
14:33:12.778 AUDIO stage segment=2-0 index=0/3 duration=3.02
14:33:12.780 AUDIO stage reused segment=2-0
14:33:12.782 READ prefetch start para=3 epoch=4 chars=136 streaming=Y
14:33:12.805 TEXT refocus read para=2 token=12
14:33:12.806 TTS part begin para=3 part=0 request=cr2-e884e73db9e6a50ad2b518f7191490c52b79beea62bb9eefe81c6de019ff0d89 priority=readAhead
14:33:12.806 TTS schedule dispatch request=cr2-e884e73db9e6a50ad2b518f7191490c52b79beea62bb9eefe81c6de019ff0d89 priority=readAhead queueMs=0 active=1 pending=0
14:33:12.833 AUDIO ready segment=2-0 duration=3.02 auto=Y
14:33:12.852 AUDIO state reason=time-control actual=paused waiting=Y rate=1.25 segment=2-0
14:33:12.872 AUDIO state reason=time-control actual=playing waiting=N rate=1.25 segment=2-0
14:33:13.829 TTS clone response request=cr2-e884e73db9e6a50ad2b518f7191490c52b79beea62bb9eefe81c6de019ff0d89 status=200 quota=async attempt=1 remaining=6793
14:33:13.845 READ prefetch playable para=3 seg=0 buffered=1
14:33:13.846 TTS part begin para=3 part=1 request=cr2-d66331e4454aa2da9a85a86ccaa8905a35f0e636da935dce73cd14e6b12813e6 priority=readAhead
14:33:13.846 TTS schedule dispatch request=cr2-d66331e4454aa2da9a85a86ccaa8905a35f0e636da935dce73cd14e6b12813e6 priority=readAhead queueMs=0 active=1 pending=0
14:33:14.750 TTS clone response request=cr2-d66331e4454aa2da9a85a86ccaa8905a35f0e636da935dce73cd14e6b12813e6 status=200 quota=async attempt=1 remaining=6787
14:33:14.766 READ prefetch playable para=3 seg=1 buffered=2
14:33:14.766 TTS part begin para=3 part=2 request=cr2-6cf129932c66404ea7fa7438eaa670338ae4c5b524aa6391a20508f8a3fcb1fa priority=readAhead
14:33:14.767 TTS schedule dispatch request=cr2-6cf129932c66404ea7fa7438eaa670338ae4c5b524aa6391a20508f8a3fcb1fa priority=readAhead queueMs=0 active=1 pending=0
14:33:15.347 AUDIO item finished segment=2-0 index=0/3
14:33:15.347 AUDIO advance segment from=2-0 to=2-1
14:33:15.348 AUDIO stage segment=2-1 index=1/3 duration=9.02
14:33:15.348 AUDIO stage reused segment=2-1
14:33:15.375 AUDIO ready segment=2-1 duration=9.02 auto=Y
14:33:15.394 AUDIO state reason=time-control actual=paused waiting=Y rate=1.25 segment=2-1
14:33:15.413 AUDIO state reason=time-control actual=playing waiting=N rate=1.25 segment=2-1
14:33:15.930 TTS clone response request=cr2-6cf129932c66404ea7fa7438eaa670338ae4c5b524aa6391a20508f8a3fcb1fa status=200 quota=async attempt=1 remaining=6781
14:33:15.941 READ prefetch playable para=3 seg=2 buffered=3
14:33:22.687 AUDIO item finished segment=2-1 index=1/3
14:33:22.687 AUDIO advance segment from=2-1 to=2-2
14:33:22.688 AUDIO stage segment=2-2 index=2/3 duration=6.14
14:33:22.688 AUDIO stage reused segment=2-2
14:33:22.714 AUDIO ready segment=2-2 duration=6.14 auto=Y
14:33:22.733 AUDIO state reason=time-control actual=paused waiting=Y rate=1.25 segment=2-2
14:33:22.762 AUDIO state reason=time-control actual=playing waiting=N rate=1.25 segment=2-2
14:33:27.727 AUDIO item finished segment=2-2 index=2/3
14:33:27.727 AUDIO queue complete segment=2-2 queue=3
14:33:27.728 READ completion accepted para=2 status=ready
14:33:27.728 READ advance from=2 readable=5 status=ready prefetching=3 prefetched=3
14:33:27.737 READ checkpoint saved source=text item=79d6e6869e55 para=2 seg=2 time=6.144 offset=47 visual=true reflow=false word=- fraction=0.0
14:33:27.738 READ prefetch promote para=3 segs=3
14:33:27.740 AUDIO stage segment=3-0 index=0/3 duration=4.37
14:33:27.742 AUDIO stage reused segment=3-0
14:33:27.743 AUDIO producer expected=Y owner=readAloud gen=3 segment=3-0
14:33:27.767 TEXT refocus read para=3 token=12
14:33:27.786 AUDIO ready segment=3-0 duration=4.37 auto=Y
14:33:27.787 AUDIO state reason=time-control actual=paused waiting=Y rate=1.25 segment=3-0
14:33:27.809 AUDIO state reason=time-control actual=playing waiting=N rate=1.25 segment=3-0
14:33:29.900 TTS part begin para=3 part=3 request=cr2-62bb281245e2da5650d39bbb2feff1641be7da83e989cd852505988e50b2925e priority=interactive
14:33:29.900 TTS schedule dispatch request=cr2-62bb281245e2da5650d39bbb2feff1641be7da83e989cd852505988e50b2925e priority=interactive queueMs=0 active=1 pending=0
14:33:30.956 TTS clone response request=cr2-62bb281245e2da5650d39bbb2feff1641be7da83e989cd852505988e50b2925e status=200 quota=async attempt=1 remaining=6773
14:33:30.965 READ segment ready para=3 seg=3 count=4 duration=7.49
14:33:30.966 AUDIO enqueue segment=3-3 queue=4 waiting=N auto=Y
14:33:30.981 TEXT refocus read para=3 token=12
14:33:31.377 AUDIO item finished segment=3-0 index=0/4
14:33:31.377 AUDIO advance segment from=3-0 to=3-1
14:33:31.378 AUDIO stage segment=3-1 index=1/4 duration=6.14
14:33:31.378 AUDIO stage reused segment=3-1
14:33:31.406 AUDIO ready segment=3-1 duration=6.14 auto=Y
14:33:31.426 AUDIO state reason=time-control actual=paused waiting=Y rate=1.25 segment=3-1
14:33:31.453 AUDIO state reason=time-control actual=playing waiting=N rate=1.25 segment=3-1
14:33:36.040 TTS part begin para=3 part=4 request=cr2-95a9d560d97a1714263623d06314666f85b5c1144fb1309af9a536499f84ef8d priority=interactive
14:33:36.040 TTS schedule dispatch request=cr2-95a9d560d97a1714263623d06314666f85b5c1144fb1309af9a536499f84ef8d priority=interactive queueMs=0 active=1 pending=0
14:33:36.417 AUDIO item finished segment=3-1 index=1/4
14:33:36.417 AUDIO advance segment from=3-1 to=3-2
14:33:36.418 AUDIO stage segment=3-2 index=2/4 duration=7.01
14:33:36.418 AUDIO stage reused segment=3-2
14:33:36.444 AUDIO ready segment=3-2 duration=7.01 auto=Y
14:33:36.462 AUDIO state reason=time-control actual=paused waiting=Y rate=1.25 segment=3-2
14:33:36.492 AUDIO state reason=time-control actual=playing waiting=N rate=1.25 segment=3-2
14:33:37.403 TTS clone response request=cr2-95a9d560d97a1714263623d06314666f85b5c1144fb1309af9a536499f84ef8d status=200 quota=async attempt=1 remaining=6765
14:33:37.412 READ segment ready para=3 seg=4 count=5 duration=7.18
14:33:37.412 AUDIO enqueue segment=3-4 queue=5 waiting=N auto=Y
14:33:37.417 READ prefetch done para=3 epoch=4 segs=5 promoted=true
14:33:37.418 READ prefetch start para=4 epoch=4 chars=133 streaming=Y
14:33:37.418 TEXT refocus read para=3 token=12
14:33:37.434 TTS part begin para=4 part=0 request=cr2-75b4a04169bf92e8e41e597e5b6ad84cfefb13f00b219a90e7d71701c47f0200 priority=readAhead
14:33:37.448 TTS schedule dispatch request=cr2-75b4a04169bf92e8e41e597e5b6ad84cfefb13f00b219a90e7d71701c47f0200 priority=readAhead queueMs=0 active=1 pending=0
14:33:38.286 TTS clone response request=cr2-75b4a04169bf92e8e41e597e5b6ad84cfefb13f00b219a90e7d71701c47f0200 status=200 quota=async attempt=1 remaining=6764
14:33:38.302 READ prefetch playable para=4 seg=0 buffered=1
14:33:38.303 TTS part begin para=4 part=1 request=cr2-a54ec7b32516697f2c6233258ce9dece9cfcfd523d8b46d8e185a7ef20d62b43 priority=readAhead
14:33:38.303 TTS schedule dispatch request=cr2-a54ec7b32516697f2c6233258ce9dece9cfcfd523d8b46d8e185a7ef20d62b43 priority=readAhead queueMs=0 active=1 pending=0
14:33:39.564 TTS clone response request=cr2-a54ec7b32516697f2c6233258ce9dece9cfcfd523d8b46d8e185a7ef20d62b43 status=200 quota=async attempt=1 remaining=6754
14:33:39.581 READ prefetch playable para=4 seg=1 buffered=2
14:33:39.582 TTS part begin para=4 part=2 request=cr2-fa36480180976d9f4180441271138bd8513de9e656bcecac8659907bbcc52fd2 priority=readAhead
14:33:39.582 TTS schedule dispatch request=cr2-fa36480180976d9f4180441271138bd8513de9e656bcecac8659907bbcc52fd2 priority=readAhead queueMs=0 active=1 pending=0
14:33:40.656 TTS clone response request=cr2-fa36480180976d9f4180441271138bd8513de9e656bcecac8659907bbcc52fd2 status=200 quota=async attempt=1 remaining=6749
14:33:40.673 READ prefetch playable para=4 seg=2 buffered=3
14:33:42.147 AUDIO item finished segment=3-2 index=2/5
14:33:42.147 AUDIO advance segment from=3-2 to=3-3
14:33:42.148 AUDIO stage segment=3-3 index=3/5 duration=7.49
14:33:42.181 AUDIO ready segment=3-3 duration=7.49 auto=Y
14:33:42.200 AUDIO state reason=time-control actual=paused waiting=Y rate=1.25 segment=3-3
14:33:42.220 AUDIO state reason=time-control actual=playing waiting=N rate=1.25 segment=3-3
14:33:48.267 AUDIO item finished segment=3-3 index=3/5
14:33:48.267 AUDIO advance segment from=3-3 to=3-4
14:33:48.268 AUDIO stage segment=3-4 index=4/5 duration=7.18
14:33:48.303 AUDIO ready segment=3-4 duration=7.18 auto=Y
14:33:48.303 AUDIO state reason=time-control actual=paused waiting=Y rate=1.25 segment=3-4
14:33:48.326 AUDIO state reason=time-control actual=playing waiting=N rate=1.25 segment=3-4
14:33:54.137 AUDIO item finished segment=3-4 index=4/5
14:33:54.138 AUDIO queue complete segment=3-4 queue=5
14:33:54.138 READ completion accepted para=3 status=ready
14:33:54.139 READ advance from=3 readable=5 status=ready prefetching=4 prefetched=4
14:33:54.147 READ checkpoint saved source=text item=79d6e6869e55 para=3 seg=4 time=7.176 offset=106 visual=true reflow=false word=- fraction=0.0
14:33:54.149 READ prefetch promote para=4 segs=3
14:33:54.150 AUDIO stage segment=4-0 index=0/3 duration=2.45
14:33:54.153 AUDIO stage reused segment=4-0
14:33:54.154 AUDIO producer expected=Y owner=readAloud gen=3 segment=4-0
14:33:54.180 VIEWPORT follow source=text from=0 to=58 target=625 height=715 animated=Y
14:33:54.180 TEXT refocus read para=4 token=12
14:33:54.196 AUDIO ready segment=4-0 duration=2.45 auto=Y
14:33:54.197 AUDIO state reason=time-control actual=paused waiting=Y rate=1.25 segment=4-0
14:33:54.220 AUDIO state reason=time-control actual=playing waiting=N rate=1.25 segment=4-0
14:33:54.989 TTS part begin para=4 part=3 request=cr2-31b8ac409a63e31f358c16254facdfefec473362e589db4600cd7e3f3cfa8bb4 priority=interactive
14:33:54.990 TTS schedule dispatch request=cr2-31b8ac409a63e31f358c16254facdfefec473362e589db4600cd7e3f3cfa8bb4 priority=interactive queueMs=0 active=1 pending=0
14:33:56.247 AUDIO item finished segment=4-0 index=0/3
14:33:56.247 AUDIO advance segment from=4-0 to=4-1
14:33:56.248 AUDIO stage segment=4-1 index=1/3 duration=8.21
14:33:56.249 AUDIO stage reused segment=4-1
14:33:56.277 AUDIO ready segment=4-1 duration=8.21 auto=Y
14:33:56.297 AUDIO state reason=time-control actual=paused waiting=Y rate=1.25 segment=4-1
14:33:56.328 AUDIO state reason=time-control actual=playing waiting=N rate=1.25 segment=4-1
14:33:56.888 TTS clone response request=cr2-31b8ac409a63e31f358c16254facdfefec473362e589db4600cd7e3f3cfa8bb4 status=200 quota=async attempt=1 remaining=6745
14:33:56.900 READ segment ready para=4 seg=3 count=4 duration=4.54
14:33:56.900 AUDIO enqueue segment=4-3 queue=4 waiting=N auto=Y
14:33:56.916 TEXT refocus read para=4 token=12
14:33:58.751 TTS part begin para=4 part=4 request=cr2-87548ab1a38db0c2ff63c407c1259369efb560958a444e762a2f84434aa7639e priority=interactive
14:33:58.751 TTS schedule dispatch request=cr2-87548ab1a38db0c2ff63c407c1259369efb560958a444e762a2f84434aa7639e priority=interactive queueMs=0 active=1 pending=0
14:33:59.551 TTS clone response request=cr2-87548ab1a38db0c2ff63c407c1259369efb560958a444e762a2f84434aa7639e status=200 quota=async attempt=1 remaining=6742
14:33:59.562 READ segment ready para=4 seg=4 count=5 duration=3.34
14:33:59.562 AUDIO enqueue segment=4-4 queue=5 waiting=N auto=Y
14:33:59.569 TEXT refocus read para=4 token=12
14:34:01.471 TTS part begin para=4 part=5 request=cr2-2c01b8cb3a5af367a80ee8f381f186573ec8d81e40754613b8c2e291e66eef59 priority=interactive
14:34:01.471 TTS schedule dispatch request=cr2-2c01b8cb3a5af367a80ee8f381f186573ec8d81e40754613b8c2e291e66eef59 priority=interactive queueMs=0 active=1 pending=0
14:34:02.596 TTS clone response request=cr2-2c01b8cb3a5af367a80ee8f381f186573ec8d81e40754613b8c2e291e66eef59 status=200 quota=async attempt=1 remaining=6735
14:34:02.606 READ segment ready para=4 seg=5 count=6 duration=5.66
14:34:02.607 AUDIO enqueue segment=4-5 queue=6 waiting=N auto=Y
14:34:02.614 READ prefetch done para=4 epoch=4 segs=6 promoted=true
14:34:02.615 TEXT refocus read para=4 token=12
14:34:02.937 AUDIO item finished segment=4-1 index=1/6
14:34:02.937 AUDIO advance segment from=4-1 to=4-2
14:34:02.938 AUDIO stage segment=4-2 index=2/6 duration=5.26
14:34:02.939 AUDIO stage reused segment=4-2
14:34:02.967 VIEWPORT follow source=text from=58 to=147 target=684 height=715 animated=Y
14:34:02.968 AUDIO ready segment=4-2 duration=5.26 auto=Y
14:34:02.969 AUDIO state reason=time-control actual=paused waiting=Y rate=1.25 segment=4-2
14:34:02.992 AUDIO state reason=time-control actual=playing waiting=N rate=1.25 segment=4-2
14:34:07.267 AUDIO item finished segment=4-2 index=2/6
14:34:07.268 AUDIO advance segment from=4-2 to=4-3
14:34:07.269 AUDIO stage segment=4-3 index=3/6 duration=4.54
14:34:07.303 AUDIO ready segment=4-3 duration=4.54 auto=Y
14:34:07.323 AUDIO state reason=time-control actual=paused waiting=Y rate=1.25 segment=4-3
14:34:07.354 AUDIO state reason=time-control actual=playing waiting=N rate=1.25 segment=4-3
14:34:07.517 CLONE quota status request=6DA73DBF-49F1-4827-AC0B-A45A6C43024C policy=monthly_120_v1 remaining=6739
14:34:09.649 CLONE quota status request=F6C62D41-CD3C-4CEE-8533-6C1E82F28B1B policy=monthly_120_v1 remaining=6739
14:34:11.027 AUDIO item finished segment=4-3 index=3/6
14:34:11.028 AUDIO advance segment from=4-3 to=4-4
14:34:11.028 AUDIO stage segment=4-4 index=4/6 duration=3.34
14:34:11.062 AUDIO ready segment=4-4 duration=3.34 auto=Y
14:34:11.082 AUDIO state reason=time-control actual=paused waiting=Y rate=1.25 segment=4-4
14:34:11.102 AUDIO state reason=time-control actual=playing waiting=N rate=1.25 segment=4-4
14:34:13.827 AUDIO item finished segment=4-4 index=4/6
14:34:13.828 AUDIO advance segment from=4-4 to=4-5
14:34:13.828 AUDIO stage segment=4-5 index=5/6 duration=5.66
14:34:13.862 AUDIO ready segment=4-5 duration=5.66 auto=Y
14:34:13.881 AUDIO state reason=time-control actual=paused waiting=Y rate=1.25 segment=4-5
14:34:13.911 AUDIO state reason=time-control actual=playing waiting=N rate=1.25 segment=4-5
14:34:18.497 AUDIO item finished segment=4-5 index=5/6
14:34:18.498 AUDIO queue complete segment=4-5 queue=6
14:34:18.498 READ completion accepted para=4 status=ready
14:34:18.499 READ advance from=4 readable=5 status=ready prefetching=- prefetched=-
14:34:18.499 READ document finished para=4 readable=5
14:34:18.509 READ checkpoint saved source=text item=79d6e6869e55 para=4 seg=5 time=5.664 offset=107 visual=true reflow=false word=- fraction=0.0
14:34:31.632 READ voice switch begin from=vl_b4bb75aa2d3e56fd90a2 to=vc_12e286594652455dae539cabbf93c2c0 para=4 auto=false requested=true userPaused=false
14:34:31.637 READ checkpoint saved source=text item=79d6e6869e55 para=4 seg=5 time=5.664 offset=107 visual=true reflow=false word=- fraction=0.0
14:34:31.641 READ generate start para=0 epoch=5 chars=69
14:34:31.643 AUDIO producer expected=Y owner=readAloud gen=3 segment=nil
14:34:31.704 VIEWPORT follow source=text from=147 to=0 target=20 height=715 animated=Y
14:34:31.704 TTS part begin para=0 part=0 request=cr2-a4ebb90f55a4dddbd208044fdab4e2216b5ee3d24253f3fff9fd1a8b98b6ba24 priority=interactive
14:34:31.704 TEXT refocus read para=0 token=12
14:34:31.705 TTS schedule dispatch request=cr2-a4ebb90f55a4dddbd208044fdab4e2216b5ee3d24253f3fff9fd1a8b98b6ba24 priority=interactive queueMs=0 active=1 pending=0
14:34:32.570 TTS clone response request=cr2-a4ebb90f55a4dddbd208044fdab4e2216b5ee3d24253f3fff9fd1a8b98b6ba24 status=200 quota=async attempt=1 remaining=6732
14:34:32.613 READ segment ready para=0 seg=0 count=1 duration=4.54
14:34:32.614 AUDIO enqueue segment=0-0 queue=1 waiting=N auto=N
14:34:32.614 READ voice switch finished para=0
14:34:32.628 TEXT refocus read para=0 token=12
14:35:02.103 AUDIO producer expected=N owner=readAloud gen=3 segment=nil
14:35:02.120 AUDIO session claimed owner=readAloud gen=4
14:35:02.124 READ generate start para=0 epoch=1 chars=12
14:35:02.126 AUDIO producer expected=Y owner=readAloud gen=4 segment=nil
14:35:02.183 READ generate cancelled para=0 epoch=5
14:35:02.183 TEXT refocus read para=0 token=0
14:35:02.184 TTS part begin para=0 part=0 request=cr2-d6fad44d925d2920ca286ea656a532eed33d60bf76d3b2fb62c0e5ebd9a6e909 priority=interactive
14:35:02.190 TTS schedule dispatch request=cr2-d6fad44d925d2920ca286ea656a532eed33d60bf76d3b2fb62c0e5ebd9a6e909 priority=interactive queueMs=0 active=1 pending=0
14:35:02.416 HOST refocus-burst reason=appear pass=1 token=1 mode=朗读 size=0x0
14:35:02.446 TEXT refocus read para=0 token=0
14:35:02.884 TTS clone response request=cr2-d6fad44d925d2920ca286ea656a532eed33d60bf76d3b2fb62c0e5ebd9a6e909 status=200 quota=async attempt=1 remaining=6727
14:35:02.920 READ segment ready para=0 seg=0 count=1 duration=3.65
14:35:02.921 AUDIO enqueue segment=0-0 queue=1 waiting=N auto=Y
14:35:02.921 AUDIO stage segment=0-0 index=0/1 duration=3.65
14:35:02.957 TEXT refocus read para=0 token=1
14:35:02.957 READ generate done para=0 epoch=1 segs=1
14:35:02.959 READ prefetch start para=1 epoch=1 chars=69 streaming=Y
14:35:02.981 TTS part begin para=1 part=0 request=cr2-6a3a7bae0ea5e3df9e9ddfab3e6a8465325e40a939539d3d18b62e38feb64941 priority=readAhead
14:35:02.982 AUDIO ready segment=0-0 duration=3.65 auto=Y
14:35:03.001 AUDIO state reason=time-control actual=paused waiting=Y rate=1.25 segment=0-0
14:35:03.033 TTS schedule dispatch request=cr2-6a3a7bae0ea5e3df9e9ddfab3e6a8465325e40a939539d3d18b62e38feb64941 priority=readAhead queueMs=0 active=1 pending=0
14:35:03.033 AUDIO state reason=time-control actual=playing waiting=N rate=1.25 segment=0-0
14:35:03.114 HOST refocus-burst reason=appear pass=2 token=2 mode=朗读 size=0x0
14:35:03.120 TEXT refocus read para=0 token=1
14:35:03.241 TTS clone response request=cr2-6a3a7bae0ea5e3df9e9ddfab3e6a8465325e40a939539d3d18b62e38feb64941 status=200 quota=async attempt=1 remaining=6720
14:35:03.258 READ prefetch playable para=1 seg=0 buffered=1
14:35:03.275 TTS part begin para=1 part=1 request=cr2-fa721b626c0b02ed110451b516b9e44acf3aea2efca5ad202680a090cd08cc97 priority=readAhead
14:35:03.275 TTS schedule dispatch request=cr2-fa721b626c0b02ed110451b516b9e44acf3aea2efca5ad202680a090cd08cc97 priority=readAhead queueMs=0 active=1 pending=0
14:35:04.237 TTS clone response request=cr2-fa721b626c0b02ed110451b516b9e44acf3aea2efca5ad202680a090cd08cc97 status=200 quota=async attempt=1 remaining=6712
14:35:04.253 READ prefetch playable para=1 seg=1 buffered=2
14:35:04.254 TTS part begin para=1 part=2 request=cr2-4c87d238fb866412a61755bba4e664fc38e627bb05d83c2d03c1f78783a0c136 priority=readAhead
14:35:04.269 TTS schedule dispatch request=cr2-4c87d238fb866412a61755bba4e664fc38e627bb05d83c2d03c1f78783a0c136 priority=readAhead queueMs=0 active=1 pending=0
14:35:04.271 HOST refocus-burst reason=appear pass=3 token=3 mode=朗读 size=0x0
14:35:04.276 TEXT refocus read para=0 token=2
14:35:05.287 TTS clone response request=cr2-4c87d238fb866412a61755bba4e664fc38e627bb05d83c2d03c1f78783a0c136 status=200 quota=async attempt=1 remaining=6703
14:35:05.305 READ prefetch playable para=1 seg=2 buffered=3
14:35:05.321 READ prefetch done para=1 epoch=1 segs=3 promoted=false
14:35:06.004 AUDIO item finished segment=0-0 index=0/1
14:35:06.004 AUDIO queue complete segment=0-0 queue=1
14:35:06.004 READ completion accepted para=0 status=ready
14:35:06.005 READ advance from=0 readable=16 status=ready prefetching=- prefetched=1
14:35:06.013 READ checkpoint saved source=text item=431ce4538db8 para=0 seg=0 time=3.648 offset=0 visual=true reflow=false word=- fraction=0.0
14:35:06.014 READ prefetch promote para=1 segs=3
14:35:06.016 AUDIO stage segment=1-0 index=0/3 duration=4.54
14:35:06.019 AUDIO stage reused segment=1-0
14:35:06.021 READ prefetch start para=2 epoch=1 chars=80 streaming=Y
14:35:06.048 TEXT refocus read para=1 token=3
14:35:06.049 TTS part begin para=2 part=0 request=cr2-572580a1da6d1d2b8bfa944dcd95d841eb60205e875ca71fa6a644440efc85b3 priority=readAhead
14:35:06.050 TTS schedule dispatch request=cr2-572580a1da6d1d2b8bfa944dcd95d841eb60205e875ca71fa6a644440efc85b3 priority=readAhead queueMs=0 active=1 pending=0
14:35:06.066 AUDIO ready segment=1-0 duration=4.54 auto=Y
14:35:06.067 AUDIO state reason=time-control actual=paused waiting=Y rate=1.25 segment=1-0
14:35:06.093 AUDIO state reason=time-control actual=playing waiting=N rate=1.25 segment=1-0
14:35:06.307 HOST refocus-burst reason=appear pass=4 token=4 mode=朗读 size=0x0
14:35:06.313 TEXT refocus read para=1 token=3
14:35:06.759 TTS clone response request=cr2-572580a1da6d1d2b8bfa944dcd95d841eb60205e875ca71fa6a644440efc85b3 status=200 quota=async attempt=1 remaining=6698
14:35:06.776 READ prefetch playable para=2 seg=0 buffered=1
14:35:06.793 TTS part begin para=2 part=1 request=cr2-e15e50e4cd363479e56d8992636a8b67d1808c834236167d9c3c3856c2cc22aa priority=readAhead
14:35:06.794 TTS schedule dispatch request=cr2-e15e50e4cd363479e56d8992636a8b67d1808c834236167d9c3c3856c2cc22aa priority=readAhead queueMs=0 active=1 pending=0
14:35:07.797 TTS clone response request=cr2-e15e50e4cd363479e56d8992636a8b67d1808c834236167d9c3c3856c2cc22aa status=200 quota=async attempt=1 remaining=6690
14:35:07.816 READ prefetch playable para=2 seg=1 buffered=2
14:35:07.831 TTS part begin para=2 part=2 request=cr2-1690a582f4817d4d8e4260443d10dd05e37b0d14dfebfb7ee040a6ac7f1a11ea priority=readAhead
14:35:07.832 TTS schedule dispatch request=cr2-1690a582f4817d4d8e4260443d10dd05e37b0d14dfebfb7ee040a6ac7f1a11ea priority=readAhead queueMs=0 active=1 pending=0
14:35:08.640 TTS clone response request=cr2-1690a582f4817d4d8e4260443d10dd05e37b0d14dfebfb7ee040a6ac7f1a11ea status=200 quota=async attempt=1 remaining=6684
14:35:08.658 READ prefetch playable para=2 seg=2 buffered=3
14:35:08.658 TTS part begin para=2 part=3 request=cr2-c85ae8c21ae061d854f080e5c363e1b3f0e49719005d2cc41661bb69adb62b32 priority=readAhead
14:35:08.670 TTS schedule dispatch request=cr2-c85ae8c21ae061d854f080e5c363e1b3f0e49719005d2cc41661bb69adb62b32 priority=readAhead queueMs=0 active=1 pending=0
14:35:09.707 TTS clone response request=cr2-c85ae8c21ae061d854f080e5c363e1b3f0e49719005d2cc41661bb69adb62b32 status=200 quota=async attempt=1 remaining=6674
14:35:09.723 READ prefetch playable para=2 seg=3 buffered=4
14:35:09.723 READ prefetch done para=2 epoch=1 segs=4 promoted=false
14:35:09.794 AUDIO item finished segment=1-0 index=0/3
14:35:09.794 AUDIO advance segment from=1-0 to=1-1
14:35:09.795 AUDIO stage segment=1-1 index=1/3 duration=5.90
14:35:09.795 AUDIO stage reused segment=1-1
14:35:09.825 AUDIO ready segment=1-1 duration=5.90 auto=Y
14:35:09.844 AUDIO state reason=time-control actual=paused waiting=Y rate=1.25 segment=1-1
14:35:09.877 AUDIO state reason=time-control actual=playing waiting=N rate=1.25 segment=1-1
14:35:14.644 AUDIO item finished segment=1-1 index=1/3
14:35:14.644 AUDIO advance segment from=1-1 to=1-2
14:35:14.645 AUDIO stage segment=1-2 index=2/3 duration=6.77
14:35:14.645 AUDIO stage reused segment=1-2
14:35:14.674 AUDIO ready segment=1-2 duration=6.77 auto=Y
14:35:14.694 AUDIO state reason=time-control actual=paused waiting=Y rate=1.25 segment=1-2
14:35:14.725 AUDIO state reason=time-control actual=playing waiting=N rate=1.25 segment=1-2
14:35:20.184 AUDIO item finished segment=1-2 index=2/3
14:35:20.184 AUDIO queue complete segment=1-2 queue=3
14:35:20.184 READ completion accepted para=1 status=ready
14:35:20.185 READ advance from=1 readable=16 status=ready prefetching=- prefetched=2
14:35:20.187 READ checkpoint saved source=text item=431ce4538db8 para=1 seg=2 time=6.768 offset=42 visual=true reflow=false word=- fraction=0.0
14:35:20.189 READ prefetch promote para=2 segs=4
14:35:20.190 AUDIO stage segment=2-0 index=0/4 duration=3.65
14:35:20.191 AUDIO stage reused segment=2-0
14:35:20.193 READ prefetch start para=3 epoch=1 chars=73 streaming=Y
14:35:20.219 TEXT refocus read para=2 token=4
14:35:20.220 TTS part begin para=3 part=0 request=cr2-b369902302c6a53ef4a33c448b0c7065756a71f2eb953759415f3bdb6b6ac857 priority=readAhead
14:35:20.220 TTS schedule dispatch request=cr2-b369902302c6a53ef4a33c448b0c7065756a71f2eb953759415f3bdb6b6ac857 priority=readAhead queueMs=0 active=1 pending=0
14:35:20.238 AUDIO ready segment=2-0 duration=3.65 auto=Y
14:35:20.239 AUDIO state reason=time-control actual=paused waiting=Y rate=1.25 segment=2-0
14:35:20.265 AUDIO state reason=time-control actual=playing waiting=N rate=1.25 segment=2-0
14:35:20.859 TTS clone response request=cr2-b369902302c6a53ef4a33c448b0c7065756a71f2eb953759415f3bdb6b6ac857 status=200 quota=async attempt=1 remaining=6669
14:35:20.878 READ prefetch playable para=3 seg=0 buffered=1
14:35:20.894 TTS part begin para=3 part=1 request=cr2-1703f1fb98dfee339d5d9ed74822417936afee60967af5d3af06cd54ff38170b priority=readAhead
14:35:20.894 TTS schedule dispatch request=cr2-1703f1fb98dfee339d5d9ed74822417936afee60967af5d3af06cd54ff38170b priority=readAhead queueMs=0 active=1 pending=0
14:35:22.037 TTS clone response request=cr2-1703f1fb98dfee339d5d9ed74822417936afee60967af5d3af06cd54ff38170b status=200 quota=async attempt=1 remaining=6658
14:35:22.055 READ prefetch playable para=3 seg=1 buffered=2
14:35:22.055 TTS part begin para=3 part=2 request=cr2-c8c4655c1b019a833d94a702e75b5cd75ca94e0280878de0523abcb6867d0621 priority=readAhead
14:35:22.055 TTS schedule dispatch request=cr2-c8c4655c1b019a833d94a702e75b5cd75ca94e0280878de0523abcb6867d0621 priority=readAhead queueMs=0 active=1 pending=0
14:35:23.099 TTS clone response request=cr2-c8c4655c1b019a833d94a702e75b5cd75ca94e0280878de0523abcb6867d0621 status=200 quota=async attempt=1 remaining=6649
14:35:23.131 READ prefetch playable para=3 seg=2 buffered=3
14:35:23.131 READ prefetch done para=3 epoch=1 segs=3 promoted=false
14:35:23.254 AUDIO item finished segment=2-0 index=0/4
14:35:23.254 AUDIO advance segment from=2-0 to=2-1
14:35:23.255 AUDIO stage segment=2-1 index=1/4 duration=6.46
14:35:23.255 AUDIO stage reused segment=2-1
14:35:23.284 AUDIO ready segment=2-1 duration=6.46 auto=Y
14:35:23.305 AUDIO state reason=time-control actual=paused waiting=Y rate=1.25 segment=2-1
14:35:23.326 AUDIO state reason=time-control actual=playing waiting=N rate=1.25 segment=2-1
14:35:28.544 AUDIO item finished segment=2-1 index=1/4
14:35:28.544 AUDIO advance segment from=2-1 to=2-2
14:35:28.545 AUDIO stage segment=2-2 index=2/4 duration=4.13
14:35:28.546 AUDIO stage reused segment=2-2
14:35:28.575 AUDIO ready segment=2-2 duration=4.13 auto=Y
14:35:28.576 AUDIO state reason=time-control actual=paused waiting=Y rate=1.25 segment=2-2
14:35:28.599 AUDIO state reason=time-control actual=playing waiting=N rate=1.25 segment=2-2
14:35:31.974 AUDIO item finished segment=2-2 index=2/4
14:35:31.974 AUDIO advance segment from=2-2 to=2-3
14:35:31.975 AUDIO stage segment=2-3 index=3/4 duration=6.53
14:35:31.975 AUDIO stage reused segment=2-3
14:35:32.004 AUDIO ready segment=2-3 duration=6.53 auto=Y
14:35:32.004 AUDIO state reason=time-control actual=paused waiting=Y rate=1.25 segment=2-3
14:35:32.028 AUDIO state reason=time-control actual=playing waiting=N rate=1.25 segment=2-3
14:35:37.324 AUDIO item finished segment=2-3 index=3/4
14:35:37.324 AUDIO queue complete segment=2-3 queue=4
14:35:37.325 READ completion accepted para=2 status=ready
14:35:37.325 READ advance from=2 readable=16 status=ready prefetching=- prefetched=3
14:35:37.334 READ checkpoint saved source=text item=431ce4538db8 para=2 seg=3 time=6.528 offset=53 visual=true reflow=false word=- fraction=0.0
14:35:37.335 READ prefetch promote para=3 segs=3
14:35:37.336 AUDIO stage segment=3-0 index=0/3 duration=3.50
14:35:37.337 AUDIO stage reused segment=3-0
14:35:37.339 READ prefetch start para=4 epoch=1 chars=136 streaming=Y
14:35:37.368 TEXT refocus read para=3 token=4
14:35:37.369 TTS part begin para=4 part=0 request=cr2-7d784f438816f06a19ab90bcf21fc137fbddc28a872bee5d93a655bead78dfac priority=readAhead
14:35:37.370 TTS schedule dispatch request=cr2-7d784f438816f06a19ab90bcf21fc137fbddc28a872bee5d93a655bead78dfac priority=readAhead queueMs=0 active=1 pending=0
14:35:37.386 AUDIO ready segment=3-0 duration=3.50 auto=Y
14:35:37.387 AUDIO state reason=time-control actual=paused waiting=Y rate=1.25 segment=3-0
14:35:37.411 AUDIO state reason=time-control actual=playing waiting=N rate=1.25 segment=3-0
14:35:38.239 TTS clone response request=cr2-7d784f438816f06a19ab90bcf21fc137fbddc28a872bee5d93a655bead78dfac status=200 quota=async attempt=1 remaining=6641
14:35:38.257 READ prefetch playable para=4 seg=0 buffered=1
14:35:38.275 TTS part begin para=4 part=1 request=cr2-4fb6111c890291b76da7417ddb61825367fb19fe59d40ba2f84eb1b342d103e2 priority=readAhead
14:35:38.276 TTS schedule dispatch request=cr2-4fb6111c890291b76da7417ddb61825367fb19fe59d40ba2f84eb1b342d103e2 priority=readAhead queueMs=0 active=1 pending=0
14:35:39.235 TTS clone response request=cr2-4fb6111c890291b76da7417ddb61825367fb19fe59d40ba2f84eb1b342d103e2 status=200 quota=async attempt=1 remaining=6632
14:35:39.253 READ prefetch playable para=4 seg=1 buffered=2
14:35:39.270 TTS part begin para=4 part=2 request=cr2-9f3fbc34d0e7c953f0f883e7dcaf43bdecaa084d5b525017deac04d62acfc1bf priority=readAhead
14:35:39.271 TTS schedule dispatch request=cr2-9f3fbc34d0e7c953f0f883e7dcaf43bdecaa084d5b525017deac04d62acfc1bf priority=readAhead queueMs=0 active=1 pending=0
14:35:40.294 AUDIO item finished segment=3-0 index=0/3
14:35:40.295 AUDIO advance segment from=3-0 to=3-1
14:35:40.295 AUDIO stage segment=3-1 index=1/3 duration=8.69
14:35:40.296 AUDIO stage reused segment=3-1
14:35:40.327 AUDIO ready segment=3-1 duration=8.69 auto=Y
14:35:40.348 AUDIO state reason=time-control actual=paused waiting=Y rate=1.25 segment=3-1
14:35:40.381 AUDIO state reason=time-control actual=playing waiting=N rate=1.25 segment=3-1
14:35:40.454 TTS clone response request=cr2-9f3fbc34d0e7c953f0f883e7dcaf43bdecaa084d5b525017deac04d62acfc1bf status=200 quota=async attempt=1 remaining=6623
14:35:40.466 READ prefetch playable para=4 seg=2 buffered=3
14:35:47.374 AUDIO item finished segment=3-1 index=1/3
14:35:47.374 AUDIO advance segment from=3-1 to=3-2
14:35:47.375 AUDIO stage segment=3-2 index=2/3 duration=7.18
14:35:47.375 AUDIO stage reused segment=3-2
14:35:47.408 AUDIO ready segment=3-2 duration=7.18 auto=Y
14:35:47.408 AUDIO state reason=time-control actual=paused waiting=Y rate=1.25 segment=3-2
14:35:47.432 AUDIO state reason=time-control actual=playing waiting=N rate=1.25 segment=3-2
14:35:48.284 READ voice switch begin from=vc_12e286594652455dae539cabbf93c2c0 to=zf_001 para=3 auto=true requested=true userPaused=false
14:35:48.294 READ checkpoint saved source=text item=431ce4538db8 para=3 seg=2 time=1.015051458 offset=47 visual=true reflow=false word=- fraction=0.0
14:35:48.297 READ generate start para=3 epoch=2 chars=73
14:35:48.298 AUDIO producer expected=Y owner=readAloud gen=4 segment=nil
14:35:48.298 READ voice switch suffix para=3 skippedChars=47 requestChars=26
14:35:48.361 TEXT refocus read para=3 token=4
14:35:48.361 TTS part begin para=3 part=2 request=3A80AAAA-65FE-4BF8-8AF6-D4564F9F2CAF priority=interactive
14:35:48.361 TTS schedule dispatch request=3A80AAAA-65FE-4BF8-8AF6-D4564F9F2CAF priority=interactive queueMs=0 active=1 pending=0
14:35:50.390 TTS network request=3A80AAAA-65FE-4BF8-8AF6-D4564F9F2CAF transaction=0 protocol=h2 reused=false setupMs=136 firstByteMs=1527 downloadMs=363 totalMs=2027
14:35:50.393 TTS transport response request=3A80AAAA-65FE-4BF8-8AF6-D4564F9F2CAF host=api.castreader.cn status=200 bytes=111242 elapsedMs=2031 fallback=false
14:35:50.398 READ segment ready para=3 seg=2 count=3 duration=5.21
14:35:50.403 AUDIO stage segment=3-2 index=0/1 duration=5.21
14:35:50.422 READ resume audio para=3 seg=2 time=0.7472347448695652
14:35:50.423 READ voice switch finished para=3
14:35:50.469 READ generate done para=3 epoch=2 segs=3
14:35:50.470 READ prefetch start para=4 epoch=2 chars=136 streaming=Y
14:35:50.470 TEXT refocus read para=3 token=4
14:35:50.488 AUDIO ready segment=3-2 duration=5.21 auto=Y
14:35:50.504 TTS part begin para=4 part=0 request=75117362-8677-4B3E-B67A-FF5AAE6B4F8E priority=readAhead
14:35:50.504 AUDIO state reason=time-control actual=paused waiting=Y rate=1.25 segment=3-2
14:35:50.504 TTS schedule dispatch request=75117362-8677-4B3E-B67A-FF5AAE6B4F8E priority=readAhead queueMs=0 active=1 pending=0
14:35:50.530 AUDIO state reason=time-control actual=playing waiting=N rate=1.25 segment=3-2
14:35:50.618 READ resume first-play source=text item=431ce4538db8 para=3 time=0.800634427 word=- fraction=0.0
14:35:51.636 TTS network request=75117362-8677-4B3E-B67A-FF5AAE6B4F8E transaction=0 protocol=h2 reused=true setupMs=0 firstByteMs=884 downloadMs=245 totalMs=1130
14:35:51.636 TTS transport response request=75117362-8677-4B3E-B67A-FF5AAE6B4F8E host=api.castreader.cn status=200 bytes=95882 elapsedMs=1130 fallback=false
14:35:51.644 READ prefetch playable para=4 seg=0 buffered=1
14:35:51.644 TTS part begin para=4 part=1 request=6BD5ABF9-5E51-4267-BE3B-4C290DDBF543 priority=readAhead
14:35:51.644 TTS schedule dispatch request=6BD5ABF9-5E51-4267-BE3B-4C290DDBF543 priority=readAhead queueMs=0 active=1 pending=0
14:35:52.529 TTS network request=6BD5ABF9-5E51-4267-BE3B-4C290DDBF543 transaction=0 protocol=h2 reused=true setupMs=0 firstByteMs=659 downloadMs=224 totalMs=884
14:35:52.530 TTS transport response request=6BD5ABF9-5E51-4267-BE3B-4C290DDBF543 host=api.castreader.cn status=200 bytes=105610 elapsedMs=884 fallback=false
14:35:52.538 READ prefetch playable para=4 seg=1 buffered=2
14:35:52.538 TTS part begin para=4 part=2 request=24F84BC6-893F-4FE4-9061-B7CF1659F355 priority=readAhead
14:35:52.538 TTS schedule dispatch request=24F84BC6-893F-4FE4-9061-B7CF1659F355 priority=readAhead queueMs=0 active=1 pending=0
14:35:54.103 TTS network request=24F84BC6-893F-4FE4-9061-B7CF1659F355 transaction=0 protocol=h2 reused=true setupMs=0 firstByteMs=1164 downloadMs=399 totalMs=1563
14:35:54.103 TTS transport response request=24F84BC6-893F-4FE4-9061-B7CF1659F355 host=api.castreader.cn status=200 bytes=131722 elapsedMs=1564 fallback=false
14:35:54.121 READ prefetch playable para=4 seg=2 buffered=3
14:35:54.177 AUDIO item finished segment=3-2 index=0/1
14:35:54.178 AUDIO queue complete segment=3-2 queue=1
14:35:54.178 READ completion accepted para=3 status=ready
14:35:54.179 READ advance from=3 readable=16 status=ready prefetching=4 prefetched=4
14:35:54.180 READ checkpoint saved source=text item=431ce4538db8 para=3 seg=2 time=5.208 offset=47 visual=true reflow=false word=- fraction=0.0
14:35:54.182 READ prefetch promote para=4 segs=3
14:35:54.183 AUDIO stage segment=4-0 index=0/3 duration=4.49
14:35:54.184 AUDIO stage reused segment=4-0
14:35:54.185 AUDIO producer expected=Y owner=readAloud gen=4 segment=4-0
14:35:54.211 TEXT refocus read para=4 token=4
14:35:54.233 AUDIO ready segment=4-0 duration=4.49 auto=Y
14:35:54.253 AUDIO state reason=time-control actual=paused waiting=Y rate=1.25 segment=4-0
14:35:54.284 AUDIO state reason=time-control actual=playing waiting=N rate=1.25 segment=4-0
14:35:54.791 TTS part begin para=4 part=3 request=695D1392-4554-426D-B2F6-2857EE760643 priority=interactive
14:35:54.791 TTS schedule dispatch request=695D1392-4554-426D-B2F6-2857EE760643 priority=interactive queueMs=0 active=1 pending=0
14:35:57.746 TTS network request=695D1392-4554-426D-B2F6-2857EE760643 transaction=0 protocol=h2 reused=true setupMs=0 firstByteMs=2338 downloadMs=616 totalMs=2954
14:35:57.747 TTS transport response request=695D1392-4554-426D-B2F6-2857EE760643 host=api.castreader.cn status=200 bytes=142474 elapsedMs=2955 fallback=false
14:35:57.750 READ segment ready para=4 seg=3 count=4 duration=6.67
14:35:57.751 AUDIO enqueue segment=4-3 queue=4 waiting=N auto=Y
14:35:57.757 TEXT refocus read para=4 token=4
14:35:57.917 AUDIO item finished segment=4-0 index=0/4
14:35:57.918 AUDIO advance segment from=4-0 to=4-1
14:35:57.919 AUDIO stage segment=4-1 index=1/4 duration=4.94
14:35:57.919 AUDIO stage reused segment=4-1
14:35:57.948 AUDIO ready segment=4-1 duration=4.94 auto=Y
14:35:57.967 AUDIO state reason=time-control actual=paused waiting=Y rate=1.25 segment=4-1
14:35:57.998 AUDIO state reason=time-control actual=playing waiting=N rate=1.25 segment=4-1
14:36:00.301 TTS part begin para=4 part=4 request=691B0336-ECD0-4964-8A05-A5267056356D priority=interactive
14:36:00.301 TTS schedule dispatch request=691B0336-ECD0-4964-8A05-A5267056356D priority=interactive queueMs=0 active=1 pending=0
14:36:01.997 AUDIO item finished segment=4-1 index=1/4
14:36:01.997 AUDIO advance segment from=4-1 to=4-2
14:36:01.998 AUDIO stage segment=4-2 index=2/4 duration=6.17
14:36:01.999 AUDIO stage reused segment=4-2
14:36:02.027 AUDIO ready segment=4-2 duration=6.17 auto=Y
14:36:02.047 AUDIO state reason=time-control actual=paused waiting=Y rate=1.25 segment=4-2
14:36:02.069 AUDIO state reason=time-control actual=playing waiting=N rate=1.25 segment=4-2
14:36:02.313 TTS network request=691B0336-ECD0-4964-8A05-A5267056356D transaction=0 protocol=h2 reused=true setupMs=0 firstByteMs=1482 downloadMs=528 totalMs=2011
14:36:02.314 TTS transport response request=691B0336-ECD0-4964-8A05-A5267056356D host=api.castreader.cn status=200 bytes=139402 elapsedMs=2011 fallback=false
14:36:02.315 READ segment ready para=4 seg=4 count=5 duration=6.53
14:36:02.315 AUDIO enqueue segment=4-4 queue=5 waiting=N auto=Y
14:36:02.323 READ prefetch done para=4 epoch=2 segs=5 promoted=true
14:36:02.323 READ prefetch start para=5 epoch=2 chars=133 streaming=Y
14:36:02.324 TEXT refocus read para=4 token=4
14:36:02.355 TTS part begin para=5 part=0 request=84059AC8-4AE4-4D48-8964-BA078280168D priority=readAhead
14:36:02.356 TTS schedule dispatch request=84059AC8-4AE4-4D48-8964-BA078280168D priority=readAhead queueMs=0 active=1 pending=0
14:36:02.900 TTS network request=84059AC8-4AE4-4D48-8964-BA078280168D transaction=0 protocol=h2 reused=true setupMs=0 firstByteMs=434 downloadMs=109 totalMs=544
14:36:02.901 TTS transport response request=84059AC8-4AE4-4D48-8964-BA078280168D host=api.castreader.cn status=200 bytes=50314 elapsedMs=544 fallback=false
14:36:02.908 READ prefetch playable para=5 seg=0 buffered=1
14:36:02.909 TTS part begin para=5 part=1 request=8DD82EC6-B71A-4B5F-9C22-3728BEFF2AE9 priority=readAhead
14:36:02.909 TTS schedule dispatch request=8DD82EC6-B71A-4B5F-9C22-3728BEFF2AE9 priority=readAhead queueMs=0 active=1 pending=0
14:36:04.517 TTS network request=8DD82EC6-B71A-4B5F-9C22-3728BEFF2AE9 transaction=0 protocol=h2 reused=true setupMs=0 firstByteMs=1079 downloadMs=528 totalMs=1607
14:36:04.518 TTS transport response request=8DD82EC6-B71A-4B5F-9C22-3728BEFF2AE9 host=api.castreader.cn status=200 bytes=167050 elapsedMs=1608 fallback=false
14:36:04.526 READ prefetch playable para=5 seg=1 buffered=2
14:36:04.542 TTS part begin para=5 part=2 request=7F577450-0978-4ECD-BAD6-378175C58F82 priority=readAhead
14:36:04.542 TTS schedule dispatch request=7F577450-0978-4ECD-BAD6-378175C58F82 priority=readAhead queueMs=0 active=1 pending=0
14:36:05.788 TTS network request=7F577450-0978-4ECD-BAD6-378175C58F82 transaction=0 protocol=h2 reused=true setupMs=0 firstByteMs=814 downloadMs=430 totalMs=1245
14:36:05.788 TTS transport response request=7F577450-0978-4ECD-BAD6-378175C58F82 host=api.castreader.cn status=200 bytes=103562 elapsedMs=1246 fallback=false
14:36:05.797 READ prefetch playable para=5 seg=2 buffered=3
14:36:07.058 AUDIO item finished segment=4-2 index=2/5
14:36:07.058 AUDIO advance segment from=4-2 to=4-3
14:36:07.059 AUDIO stage segment=4-3 index=3/5 duration=6.67
14:36:07.095 AUDIO ready segment=4-3 duration=6.67 auto=Y
14:36:07.116 AUDIO state reason=time-control actual=paused waiting=Y rate=1.25 segment=4-3
14:36:07.149 AUDIO state reason=time-control actual=playing waiting=N rate=1.25 segment=4-3
14:36:12.528 AUDIO item finished segment=4-3 index=3/5
14:36:12.528 AUDIO advance segment from=4-3 to=4-4
14:36:12.529 AUDIO stage segment=4-4 index=4/5 duration=6.53
14:36:12.566 AUDIO ready segment=4-4 duration=6.53 auto=Y
14:36:12.587 AUDIO state reason=time-control actual=paused waiting=Y rate=1.25 segment=4-4
14:36:12.610 AUDIO state reason=time-control actual=playing waiting=N rate=1.25 segment=4-4
14:36:17.888 AUDIO item finished segment=4-4 index=4/5
14:36:17.888 AUDIO queue complete segment=4-4 queue=5
14:36:17.888 READ completion accepted para=4 status=ready
14:36:17.889 READ advance from=4 readable=16 status=ready prefetching=5 prefetched=5
14:36:17.897 READ checkpoint saved source=text item=431ce4538db8 para=4 seg=4 time=6.528 offset=106 visual=true reflow=false word=- fraction=0.0
14:36:17.899 READ prefetch promote para=5 segs=3
14:36:17.900 AUDIO stage segment=5-0 index=0/3 duration=2.35
14:36:17.901 AUDIO stage reused segment=5-0
14:36:17.903 AUDIO producer expected=Y owner=readAloud gen=4 segment=5-0
14:36:17.931 VIEWPORT follow source=text from=0 to=486 target=665 height=715 animated=Y
14:36:17.932 TEXT refocus read para=5 token=4
14:36:17.950 AUDIO ready segment=5-0 duration=2.35 auto=Y
14:36:17.950 AUDIO state reason=time-control actual=paused waiting=Y rate=1.25 segment=5-0
14:36:17.977 AUDIO state reason=time-control actual=playing waiting=N rate=1.25 segment=5-0
14:36:18.091 TTS part begin para=5 part=3 request=627BA601-0280-40FB-A905-B924BEDBB174 priority=interactive
14:36:18.091 TTS schedule dispatch request=627BA601-0280-40FB-A905-B924BEDBB174 priority=interactive queueMs=0 active=1 pending=0
14:36:19.938 AUDIO item finished segment=5-0 index=0/3
14:36:19.938 AUDIO advance segment from=5-0 to=5-1
14:36:19.939 AUDIO stage segment=5-1 index=1/3 duration=7.82
14:36:19.939 AUDIO stage reused segment=5-1
14:36:19.971 AUDIO ready segment=5-1 duration=7.82 auto=Y
14:36:19.971 AUDIO state reason=time-control actual=paused waiting=Y rate=1.25 segment=5-1
14:36:19.997 AUDIO state reason=time-control actual=playing waiting=N rate=1.25 segment=5-1
14:36:21.003 TTS network request=627BA601-0280-40FB-A905-B924BEDBB174 transaction=0 protocol=h2 reused=true setupMs=0 firstByteMs=1499 downloadMs=1411 totalMs=2911
14:36:21.003 TTS transport response request=627BA601-0280-40FB-A905-B924BEDBB174 host=api.castreader.cn status=200 bytes=87690 elapsedMs=2912 fallback=false
14:36:21.012 READ segment ready para=5 seg=3 count=4 duration=4.10
14:36:21.012 AUDIO enqueue segment=5-3 queue=4 waiting=N auto=Y
14:36:21.022 TEXT refocus read para=5 token=4
14:36:21.503 TTS part begin para=5 part=4 request=12BCF2A7-F9CC-4743-BD7D-E11207E2D4E9 priority=interactive
14:36:21.504 TTS schedule dispatch request=12BCF2A7-F9CC-4743-BD7D-E11207E2D4E9 priority=interactive queueMs=0 active=1 pending=0
14:36:23.439 TTS network request=12BCF2A7-F9CC-4743-BD7D-E11207E2D4E9 transaction=0 protocol=h2 reused=true setupMs=0 firstByteMs=701 downloadMs=1233 totalMs=1935
14:36:23.440 TTS transport response request=12BCF2A7-F9CC-4743-BD7D-E11207E2D4E9 host=api.castreader.cn status=200 bytes=77450 elapsedMs=1936 fallback=false
14:36:23.453 READ segment ready para=5 seg=4 count=5 duration=3.62
14:36:23.453 AUDIO enqueue segment=5-4 queue=5 waiting=N auto=Y
14:36:23.461 TEXT refocus read para=5 token=4
14:36:24.412 TTS part begin para=5 part=5 request=1627100B-7EFD-4169-9EBD-84E12D40C0E4 priority=interactive
14:36:24.413 TTS schedule dispatch request=1627100B-7EFD-4169-9EBD-84E12D40C0E4 priority=interactive queueMs=0 active=1 pending=0
14:36:26.328 AUDIO item finished segment=5-1 index=1/5
14:36:26.328 AUDIO advance segment from=5-1 to=5-2
14:36:26.329 AUDIO stage segment=5-2 index=2/5 duration=4.85
14:36:26.329 AUDIO stage reused segment=5-2
14:36:26.359 AUDIO ready segment=5-2 duration=4.85 auto=Y
14:36:26.379 AUDIO state reason=time-control actual=paused waiting=Y rate=1.25 segment=5-2
14:36:26.401 AUDIO state reason=time-control actual=playing waiting=N rate=1.25 segment=5-2
14:36:27.476 TTS network request=1627100B-7EFD-4169-9EBD-84E12D40C0E4 transaction=0 protocol=h2 reused=true setupMs=0 firstByteMs=1397 downloadMs=1664 totalMs=3062
14:36:27.476 TTS transport response request=1627100B-7EFD-4169-9EBD-84E12D40C0E4 host=api.castreader.cn status=200 bytes=129162 elapsedMs=3063 fallback=false
14:36:27.477 READ segment ready para=5 seg=5 count=6 duration=6.05
14:36:27.477 AUDIO enqueue segment=5-5 queue=6 waiting=N auto=Y
14:36:27.485 READ prefetch done para=5 epoch=2 segs=6 promoted=true
14:36:27.486 READ prefetch start para=6 epoch=2 chars=69 streaming=Y
14:36:27.486 TEXT refocus read para=5 token=4
14:36:27.501 TTS part begin para=6 part=0 request=02E68406-0D5C-4C82-9606-D7B8212EC2E8 priority=readAhead
14:36:27.502 TTS schedule dispatch request=02E68406-0D5C-4C82-9606-D7B8212EC2E8 priority=readAhead queueMs=0 active=1 pending=0
14:36:30.328 AUDIO item finished segment=5-2 index=2/6
14:36:30.328 AUDIO advance segment from=5-2 to=5-3
14:36:30.329 AUDIO stage segment=5-3 index=3/6 duration=4.10
14:36:30.365 AUDIO ready segment=5-3 duration=4.10 auto=Y
14:36:30.385 AUDIO state reason=time-control actual=paused waiting=Y rate=1.25 segment=5-3
14:36:30.417 AUDIO state reason=time-control actual=playing waiting=N rate=1.25 segment=5-3
14:36:33.141 TTS network request=02E68406-0D5C-4C82-9606-D7B8212EC2E8 transaction=0 protocol=h2 reused=true setupMs=0 firstByteMs=2406 downloadMs=3231 totalMs=5638
14:36:33.142 TTS transport response request=02E68406-0D5C-4C82-9606-D7B8212EC2E8 host=api.castreader.cn status=200 bytes=86666 elapsedMs=5639 fallback=false
14:36:33.149 READ prefetch playable para=6 seg=0 buffered=1
14:36:33.166 TTS part begin para=6 part=1 request=F7CC85D2-FEDB-43CC-9935-3D9DF49730E5 priority=readAhead
14:36:33.167 TTS schedule dispatch request=F7CC85D2-FEDB-43CC-9935-3D9DF49730E5 priority=readAhead queueMs=0 active=1 pending=0
14:36:33.748 AUDIO item finished segment=5-3 index=3/6
14:36:33.748 AUDIO advance segment from=5-3 to=5-4
14:36:33.749 AUDIO stage segment=5-4 index=4/6 duration=3.62
14:36:33.784 AUDIO ready segment=5-4 duration=3.62 auto=Y
14:36:33.804 AUDIO state reason=time-control actual=paused waiting=Y rate=1.25 segment=5-4
14:36:33.825 AUDIO state reason=time-control actual=playing waiting=N rate=1.25 segment=5-4
14:36:34.310 TTS network request=F7CC85D2-FEDB-43CC-9935-3D9DF49730E5 transaction=0 protocol=h2 reused=true setupMs=0 firstByteMs=703 downloadMs=439 totalMs=1142
14:36:34.310 TTS transport response request=F7CC85D2-FEDB-43CC-9935-3D9DF49730E5 host=api.castreader.cn status=200 bytes=101002 elapsedMs=1143 fallback=false
14:36:34.312 READ prefetch playable para=6 seg=1 buffered=2
14:36:34.312 TTS part begin para=6 part=2 request=DA25C49A-C56E-4FBF-8B86-989C5B0D80C3 priority=readAhead
14:36:34.313 TTS schedule dispatch request=DA25C49A-C56E-4FBF-8B86-989C5B0D80C3 priority=readAhead queueMs=0 active=1 pending=0
14:36:35.674 TTS network request=DA25C49A-C56E-4FBF-8B86-989C5B0D80C3 transaction=0 protocol=h2 reused=true setupMs=0 firstByteMs=699 downloadMs=660 totalMs=1360
14:36:35.674 TTS transport response request=DA25C49A-C56E-4FBF-8B86-989C5B0D80C3 host=api.castreader.cn status=200 bytes=114314 elapsedMs=1361 fallback=false
14:36:35.682 READ prefetch playable para=6 seg=2 buffered=3
14:36:35.682 READ prefetch done para=6 epoch=2 segs=3 promoted=false
14:36:35.683 READ prefetch start para=7 epoch=2 chars=80 streaming=Y
14:36:35.684 TTS part begin para=7 part=0 request=212CE9B5-A54C-4357-8202-5164169123DE priority=readAhead
14:36:35.684 TTS schedule dispatch request=212CE9B5-A54C-4357-8202-5164169123DE priority=readAhead queueMs=0 active=1 pending=0
14:36:36.214 TTS network request=212CE9B5-A54C-4357-8202-5164169123DE transaction=0 protocol=h2 reused=true setupMs=0 firstByteMs=352 downloadMs=176 totalMs=529
14:36:36.215 TTS transport response request=212CE9B5-A54C-4357-8202-5164169123DE host=api.castreader.cn status=200 bytes=56458 elapsedMs=530 fallback=false
14:36:36.230 READ prefetch playable para=7 seg=0 buffered=1
14:36:36.778 AUDIO item finished segment=5-4 index=4/6
14:36:36.778 AUDIO advance segment from=5-4 to=5-5
14:36:36.779 AUDIO stage segment=5-5 index=5/6 duration=6.05
14:36:36.816 AUDIO ready segment=5-5 duration=6.05 auto=Y
14:36:36.836 AUDIO state reason=time-control actual=paused waiting=Y rate=1.25 segment=5-5
14:36:36.867 AUDIO state reason=time-control actual=playing waiting=N rate=1.25 segment=5-5
14:36:41.748 AUDIO item finished segment=5-5 index=5/6
14:36:41.749 AUDIO queue complete segment=5-5 queue=6
14:36:41.749 READ completion accepted para=5 status=ready
14:36:41.750 READ advance from=5 readable=16 status=ready prefetching=- prefetched=6
14:36:41.758 READ checkpoint saved source=text item=431ce4538db8 para=5 seg=5 time=6.048 offset=107 visual=true reflow=false word=- fraction=0.0
14:36:41.759 READ prefetch promote para=6 segs=3
14:36:41.761 AUDIO stage segment=6-0 index=0/3 duration=4.06
14:36:41.762 AUDIO stage reused segment=6-0
14:36:41.790 TTS part begin para=7 part=1 request=B214CCEB-D2D0-4379-8783-8879B895C0B0 priority=readAhead
14:36:41.791 TEXT refocus read para=6 token=4
14:36:41.791 TTS schedule dispatch request=B214CCEB-D2D0-4379-8783-8879B895C0B0 priority=readAhead queueMs=0 active=1 pending=0
14:36:41.809 AUDIO ready segment=6-0 duration=4.06 auto=Y
14:36:41.809 AUDIO state reason=time-control actual=paused waiting=Y rate=1.25 segment=6-0
14:36:41.835 AUDIO state reason=time-control actual=playing waiting=N rate=1.25 segment=6-0
14:36:43.039 TTS network request=B214CCEB-D2D0-4379-8783-8879B895C0B0 transaction=0 protocol=h2 reused=true setupMs=0 firstByteMs=695 downloadMs=551 totalMs=1247
14:36:43.040 TTS transport response request=B214CCEB-D2D0-4379-8783-8879B895C0B0 host=api.castreader.cn status=200 bytes=109706 elapsedMs=1247 fallback=false
14:36:43.059 READ prefetch playable para=7 seg=1 buffered=2
14:36:43.059 TTS part begin para=7 part=2 request=927CE17C-ABFE-4E48-83E0-093B225326FF priority=readAhead
14:36:43.060 TTS schedule dispatch request=927CE17C-ABFE-4E48-83E0-093B225326FF priority=readAhead queueMs=0 active=1 pending=0
14:36:43.655 TTS network request=927CE17C-ABFE-4E48-83E0-093B225326FF transaction=0 protocol=h2 reused=true setupMs=0 firstByteMs=450 downloadMs=143 totalMs=594
14:36:43.656 TTS transport response request=927CE17C-ABFE-4E48-83E0-093B225326FF host=api.castreader.cn status=200 bytes=76426 elapsedMs=595 fallback=false
14:36:43.663 READ prefetch playable para=7 seg=2 buffered=3
14:36:43.664 TTS part begin para=7 part=3 request=8437567A-5114-4D70-8C25-EBF07CF50338 priority=readAhead
14:36:43.664 TTS schedule dispatch request=8437567A-5114-4D70-8C25-EBF07CF50338 priority=readAhead queueMs=0 active=1 pending=0
14:36:44.630 TTS network request=8437567A-5114-4D70-8C25-EBF07CF50338 transaction=0 protocol=h2 reused=true setupMs=0 firstByteMs=423 downloadMs=541 totalMs=965
14:36:44.631 TTS transport response request=8437567A-5114-4D70-8C25-EBF07CF50338 host=api.castreader.cn status=200 bytes=112266 elapsedMs=966 fallback=false
14:36:44.639 READ prefetch playable para=7 seg=3 buffered=4
14:36:44.655 READ prefetch done para=7 epoch=2 segs=4 promoted=false
14:36:45.158 AUDIO item finished segment=6-0 index=0/3
14:36:45.159 AUDIO advance segment from=6-0 to=6-1
14:36:45.159 AUDIO stage segment=6-1 index=1/3 duration=4.73
14:36:45.160 AUDIO stage reused segment=6-1
14:36:45.190 AUDIO ready segment=6-1 duration=4.73 auto=Y
14:36:45.210 AUDIO state reason=time-control actual=paused waiting=Y rate=1.25 segment=6-1
14:36:45.241 AUDIO state reason=time-control actual=playing waiting=N rate=1.25 segment=6-1
14:36:49.078 AUDIO item finished segment=6-1 index=1/3
14:36:49.078 AUDIO advance segment from=6-1 to=6-2
14:36:49.079 AUDIO stage segment=6-2 index=2/3 duration=5.35
14:36:49.079 AUDIO stage reused segment=6-2
14:36:49.109 AUDIO ready segment=6-2 duration=5.35 auto=Y
14:36:49.130 AUDIO state reason=time-control actual=paused waiting=Y rate=1.25 segment=6-2
14:36:49.151 AUDIO state reason=time-control actual=playing waiting=N rate=1.25 segment=6-2
14:36:49.488 READ voice switch begin from=zf_001 to=vl_b4bb75aa2d3e56fd90a2 para=6 auto=true requested=true userPaused=false
14:36:49.491 READ checkpoint saved source=text item=431ce4538db8 para=6 seg=2 time=0.403388958 offset=42 visual=true reflow=false word=- fraction=0.0
14:36:49.494 READ generate start para=6 epoch=3 chars=69
14:36:49.495 AUDIO producer expected=Y owner=readAloud gen=4 segment=nil
14:36:49.495 READ voice switch suffix para=6 skippedChars=42 requestChars=27
14:36:49.523 TEXT refocus read para=6 token=4
14:36:49.538 TTS part begin para=6 part=2 request=cr2-985c2914680c1c2fe65f70688a58a1a3351739d928bcf68b96dd7d0708c87462 priority=interactive
14:36:49.544 TTS schedule dispatch request=cr2-985c2914680c1c2fe65f70688a58a1a3351739d928bcf68b96dd7d0708c87462 priority=interactive queueMs=0 active=1 pending=0
14:36:50.360 TTS clone response request=cr2-985c2914680c1c2fe65f70688a58a1a3351739d928bcf68b96dd7d0708c87462 status=200 quota=async attempt=1 remaining=6614
14:36:50.401 READ segment ready para=6 seg=2 count=3 duration=5.57
14:36:50.403 AUDIO stage segment=6-2 index=0/1 duration=5.57
14:36:50.416 READ resume audio para=6 seg=2 time=0.4245991757488789
14:36:50.416 READ voice switch finished para=6
14:36:50.446 TEXT refocus read para=6 token=4
14:36:50.446 READ generate done para=6 epoch=3 segs=3
14:36:50.448 READ prefetch start para=7 epoch=3 chars=80 streaming=Y
14:36:50.470 AUDIO ready segment=6-2 duration=5.57 auto=Y
14:36:50.470 TTS part begin para=7 part=0 request=cr2-64f46e5c9004ea21a38812ea2e23686886cc035114e1f9e363f41cf9c180eaec priority=readAhead
14:36:50.506 TTS schedule dispatch request=cr2-64f46e5c9004ea21a38812ea2e23686886cc035114e1f9e363f41cf9c180eaec priority=readAhead queueMs=0 active=1 pending=0
14:36:50.506 AUDIO state reason=time-control actual=paused waiting=Y rate=1.25 segment=6-2
14:36:50.528 AUDIO state reason=time-control actual=playing waiting=N rate=1.25 segment=6-2
14:36:50.567 READ resume first-play source=text item=431ce4538db8 para=6 time=0.450595417 word=- fraction=0.0
14:36:51.072 TTS clone response request=cr2-64f46e5c9004ea21a38812ea2e23686886cc035114e1f9e363f41cf9c180eaec status=200 quota=async attempt=1 remaining=6613
14:36:51.083 READ prefetch playable para=7 seg=0 buffered=1
14:36:51.084 TTS part begin para=7 part=1 request=cr2-c7daf196e6d8d40441556b1f6c4b017795043c5e136c56475d55740e8c895c38 priority=readAhead
14:36:51.084 TTS schedule dispatch request=cr2-c7daf196e6d8d40441556b1f6c4b017795043c5e136c56475d55740e8c895c38 priority=readAhead queueMs=0 active=1 pending=0
14:36:51.943 TTS clone response request=cr2-c7daf196e6d8d40441556b1f6c4b017795043c5e136c56475d55740e8c895c38 status=200 quota=async attempt=1 remaining=6606
14:36:51.959 READ prefetch playable para=7 seg=1 buffered=2
14:36:51.960 TTS part begin para=7 part=2 request=cr2-1db50571044768fb0a28da4f3dfcbce514d8b7c1a77877996afbf52be9822cef priority=readAhead
14:36:51.960 TTS schedule dispatch request=cr2-1db50571044768fb0a28da4f3dfcbce514d8b7c1a77877996afbf52be9822cef priority=readAhead queueMs=0 active=1 pending=0
14:36:52.587 TTS clone response request=cr2-1db50571044768fb0a28da4f3dfcbce514d8b7c1a77877996afbf52be9822cef status=200 quota=async attempt=1 remaining=6603
14:36:52.603 READ prefetch playable para=7 seg=2 buffered=3
14:36:52.604 TTS part begin para=7 part=3 request=cr2-d8c182bc65c83f87e4aa4530fb8878448eec8eb5d60c39c4b4fe6fdc5a47669a priority=readAhead
14:36:52.604 TTS schedule dispatch request=cr2-d8c182bc65c83f87e4aa4530fb8878448eec8eb5d60c39c4b4fe6fdc5a47669a priority=readAhead queueMs=0 active=1 pending=0
14:36:53.545 TTS clone response request=cr2-d8c182bc65c83f87e4aa4530fb8878448eec8eb5d60c39c4b4fe6fdc5a47669a status=200 quota=async attempt=1 remaining=6595
14:36:53.561 READ prefetch playable para=7 seg=3 buffered=4
14:36:53.561 READ prefetch done para=7 epoch=3 segs=4 promoted=false
14:36:54.698 AUDIO item finished segment=6-2 index=0/1
14:36:54.698 AUDIO queue complete segment=6-2 queue=1
14:36:54.699 READ completion accepted para=6 status=ready
14:36:54.699 READ advance from=6 readable=16 status=ready prefetching=- prefetched=7
14:36:54.707 READ checkpoint saved source=text item=431ce4538db8 para=6 seg=2 time=5.568 offset=42 visual=true reflow=false word=- fraction=0.0
14:36:54.709 READ prefetch promote para=7 segs=4
14:36:54.710 AUDIO stage segment=7-0 index=0/4 duration=3.10
14:36:54.711 AUDIO stage reused segment=7-0
14:36:54.712 READ prefetch start para=8 epoch=3 chars=73 streaming=Y
14:36:54.738 TEXT refocus read para=7 token=4
14:36:54.738 TTS part begin para=8 part=0 request=cr2-4c16ce682f310f3a0d0d8bf5b623839e0defb6fa535f526a67611ae8a75f1401 priority=readAhead
14:36:54.739 TTS schedule dispatch request=cr2-4c16ce682f310f3a0d0d8bf5b623839e0defb6fa535f526a67611ae8a75f1401 priority=readAhead queueMs=0 active=1 pending=0
14:36:54.764 AUDIO ready segment=7-0 duration=3.10 auto=Y
14:36:54.784 AUDIO state reason=time-control actual=paused waiting=Y rate=1.25 segment=7-0
14:36:54.816 AUDIO state reason=time-control actual=playing waiting=N rate=1.25 segment=7-0
14:36:55.655 TTS clone response request=cr2-4c16ce682f310f3a0d0d8bf5b623839e0defb6fa535f526a67611ae8a75f1401 status=200 quota=async attempt=1 remaining=6593
14:36:55.672 READ prefetch playable para=8 seg=0 buffered=1
14:36:55.688 TTS part begin para=8 part=1 request=cr2-957e960efbf5fb87c96bed14ca6cac4ce3c1a1ea586c113a50efb1c9aadad04c priority=readAhead
14:36:55.688 TTS schedule dispatch request=cr2-957e960efbf5fb87c96bed14ca6cac4ce3c1a1ea586c113a50efb1c9aadad04c priority=readAhead queueMs=0 active=1 pending=0
14:36:57.201 TTS clone response request=cr2-957e960efbf5fb87c96bed14ca6cac4ce3c1a1ea586c113a50efb1c9aadad04c status=200 quota=async attempt=1 remaining=6584
14:36:57.218 READ prefetch playable para=8 seg=1 buffered=2
14:36:57.219 TTS part begin para=8 part=2 request=cr2-d216e6ab12e1bf5dc9a8cfc1354fbd2a8c9dc75ca9b95ae2f204a6a87d405f37 priority=readAhead
14:36:57.219 TTS schedule dispatch request=cr2-d216e6ab12e1bf5dc9a8cfc1354fbd2a8c9dc75ca9b95ae2f204a6a87d405f37 priority=readAhead queueMs=0 active=1 pending=0
14:36:57.338 AUDIO item finished segment=7-0 index=0/4
14:36:57.338 AUDIO advance segment from=7-0 to=7-1
14:36:57.339 AUDIO stage segment=7-1 index=1/4 duration=6.14
14:36:57.339 AUDIO stage reused segment=7-1
14:36:57.368 AUDIO ready segment=7-1 duration=6.14 auto=Y
14:36:57.387 AUDIO state reason=time-control actual=paused waiting=Y rate=1.25 segment=7-1
14:36:57.418 AUDIO state reason=time-control actual=playing waiting=N rate=1.25 segment=7-1
14:36:58.242 TTS clone response request=cr2-d216e6ab12e1bf5dc9a8cfc1354fbd2a8c9dc75ca9b95ae2f204a6a87d405f37 status=200 quota=async attempt=1 remaining=6578
14:36:58.259 READ prefetch playable para=8 seg=2 buffered=3
14:36:58.259 READ prefetch done para=8 epoch=3 segs=3 promoted=false
14:37:02.378 AUDIO item finished segment=7-1 index=1/4
14:37:02.378 AUDIO advance segment from=7-1 to=7-2
14:37:02.379 AUDIO stage segment=7-2 index=2/4 duration=3.98
14:37:02.380 AUDIO stage reused segment=7-2
14:37:02.408 AUDIO ready segment=7-2 duration=3.98 auto=Y
14:37:02.428 AUDIO state reason=time-control actual=paused waiting=Y rate=1.25 segment=7-2
14:37:02.450 AUDIO state reason=time-control actual=playing waiting=N rate=1.25 segment=7-2
14:37:05.688 AUDIO item finished segment=7-2 index=2/4
14:37:05.688 AUDIO advance segment from=7-2 to=7-3
14:37:05.689 AUDIO stage segment=7-3 index=3/4 duration=5.98
14:37:05.689 AUDIO stage reused segment=7-3
14:37:05.718 AUDIO ready segment=7-3 duration=5.98 auto=Y
14:37:05.737 AUDIO state reason=time-control actual=paused waiting=Y rate=1.25 segment=7-3
14:37:05.767 AUDIO state reason=time-control actual=playing waiting=N rate=1.25 segment=7-3
14:37:10.588 AUDIO item finished segment=7-3 index=3/4
14:37:10.588 AUDIO queue complete segment=7-3 queue=4
14:37:10.589 READ completion accepted para=7 status=ready
14:37:10.589 READ advance from=7 readable=16 status=ready prefetching=- prefetched=8
14:37:10.597 READ checkpoint saved source=text item=431ce4538db8 para=7 seg=3 time=5.976 offset=53 visual=true reflow=false word=- fraction=0.0
14:37:10.599 READ prefetch promote para=8 segs=3
14:37:10.600 AUDIO stage segment=8-0 index=0/3 duration=3.02
14:37:10.602 AUDIO stage reused segment=8-0
14:37:10.604 READ prefetch start para=9 epoch=3 chars=136 streaming=Y
14:37:10.631 VIEWPORT follow source=text from=486 to=962 target=1141 height=715 animated=Y
14:37:10.632 TEXT refocus read para=8 token=4
14:37:10.633 TTS part begin para=9 part=0 request=cr2-e3fcd22106330bc2887eefdc1a3e8ae1ad8db388169c80af3311a992225f7dca priority=readAhead
14:37:10.634 TTS schedule dispatch request=cr2-e3fcd22106330bc2887eefdc1a3e8ae1ad8db388169c80af3311a992225f7dca priority=readAhead queueMs=0 active=1 pending=0
14:37:10.645 AUDIO ready segment=8-0 duration=3.02 auto=Y
14:37:10.665 AUDIO state reason=time-control actual=paused waiting=Y rate=1.25 segment=8-0
14:37:10.697 AUDIO state reason=time-control actual=playing waiting=N rate=1.25 segment=8-0
14:37:11.811 TTS clone response request=cr2-e3fcd22106330bc2887eefdc1a3e8ae1ad8db388169c80af3311a992225f7dca status=200 quota=async attempt=1 remaining=6573
14:37:11.829 READ prefetch playable para=9 seg=0 buffered=1
14:37:11.845 TTS part begin para=9 part=1 request=cr2-8301ee000f0f4893933b5e96d30c37e5aab9b81e1d1a8a544266954c65d0fde4 priority=readAhead
14:37:11.846 TTS schedule dispatch request=cr2-8301ee000f0f4893933b5e96d30c37e5aab9b81e1d1a8a544266954c65d0fde4 priority=readAhead queueMs=0 active=1 pending=0
14:37:12.762 TTS clone response request=cr2-8301ee000f0f4893933b5e96d30c37e5aab9b81e1d1a8a544266954c65d0fde4 status=200 quota=async attempt=1 remaining=6567
14:37:12.779 READ prefetch playable para=9 seg=1 buffered=2
14:37:12.779 TTS part begin para=9 part=2 request=cr2-439132b0cc1cdfcf9501e6299b25670c1de93d6a954d9ec426b6be86d70a9363 priority=readAhead
14:37:12.779 TTS schedule dispatch request=cr2-439132b0cc1cdfcf9501e6299b25670c1de93d6a954d9ec426b6be86d70a9363 priority=readAhead queueMs=0 active=1 pending=0
14:37:13.158 AUDIO item finished segment=8-0 index=0/3
14:37:13.158 AUDIO advance segment from=8-0 to=8-1
14:37:13.159 AUDIO stage segment=8-1 index=1/3 duration=9.02
14:37:13.159 AUDIO stage reused segment=8-1
14:37:13.189 AUDIO ready segment=8-1 duration=9.02 auto=Y
14:37:13.209 AUDIO state reason=time-control actual=paused waiting=Y rate=1.25 segment=8-1
14:37:13.239 AUDIO state reason=time-control actual=playing waiting=N rate=1.25 segment=8-1
14:37:13.941 TTS clone response request=cr2-439132b0cc1cdfcf9501e6299b25670c1de93d6a954d9ec426b6be86d70a9363 status=200 quota=async attempt=1 remaining=6561
14:37:13.958 READ prefetch playable para=9 seg=2 buffered=3
14:37:20.498 AUDIO item finished segment=8-1 index=1/3
14:37:20.498 AUDIO advance segment from=8-1 to=8-2
14:37:20.499 AUDIO stage segment=8-2 index=2/3 duration=6.14
14:37:20.499 AUDIO stage reused segment=8-2
14:37:20.528 AUDIO ready segment=8-2 duration=6.14 auto=Y
14:37:20.547 AUDIO state reason=time-control actual=paused waiting=Y rate=1.25 segment=8-2
14:37:20.579 AUDIO state reason=time-control actual=playing waiting=N rate=1.25 segment=8-2
14:37:25.538 AUDIO item finished segment=8-2 index=2/3
14:37:25.538 AUDIO queue complete segment=8-2 queue=3
14:37:25.539 READ completion accepted para=8 status=ready
14:37:25.539 READ advance from=8 readable=16 status=ready prefetching=9 prefetched=9
14:37:25.547 READ checkpoint saved source=text item=431ce4538db8 para=8 seg=2 time=6.144 offset=47 visual=true reflow=false word=- fraction=0.0
14:37:25.549 READ prefetch promote para=9 segs=3
14:37:25.550 AUDIO stage segment=9-0 index=0/3 duration=4.37
14:37:25.552 AUDIO stage reused segment=9-0
14:37:25.554 AUDIO producer expected=Y owner=readAloud gen=4 segment=9-0
14:37:25.582 TEXT refocus read para=9 token=4
14:37:25.602 AUDIO ready segment=9-0 duration=4.37 auto=Y
14:37:25.602 AUDIO state reason=time-control actual=paused waiting=Y rate=1.25 segment=9-0
14:37:25.629 AUDIO state reason=time-control actual=playing waiting=N rate=1.25 segment=9-0
14:37:27.725 TTS part begin para=9 part=3 request=cr2-771ddddc1de8c590a967f950c356a8290be1f09ea5aff2cfd8c7ed717761884c priority=interactive
14:37:27.726 TTS schedule dispatch request=cr2-771ddddc1de8c590a967f950c356a8290be1f09ea5aff2cfd8c7ed717761884c priority=interactive queueMs=0 active=1 pending=0
14:37:28.783 TTS clone response request=cr2-771ddddc1de8c590a967f950c356a8290be1f09ea5aff2cfd8c7ed717761884c status=200 quota=async attempt=1 remaining=6553
14:37:28.808 READ segment ready para=9 seg=3 count=4 duration=7.49
14:37:28.808 AUDIO enqueue segment=9-3 queue=4 waiting=N auto=Y
14:37:28.816 TEXT refocus read para=9 token=4
14:37:29.198 AUDIO item finished segment=9-0 index=0/4
14:37:29.198 AUDIO advance segment from=9-0 to=9-1
14:37:29.199 AUDIO stage segment=9-1 index=1/4 duration=6.14
14:37:29.200 AUDIO stage reused segment=9-1
14:37:29.229 AUDIO ready segment=9-1 duration=6.14 auto=Y
14:37:29.248 AUDIO state reason=time-control actual=paused waiting=Y rate=1.25 segment=9-1
14:37:29.280 AUDIO state reason=time-control actual=playing waiting=N rate=1.25 segment=9-1
14:37:33.863 TTS part begin para=9 part=4 request=cr2-386e2adb161acd50db43a0ff5834b9ba09b43fe43183e17ca9dfe8456f450c4d priority=interactive
14:37:33.864 TTS schedule dispatch request=cr2-386e2adb161acd50db43a0ff5834b9ba09b43fe43183e17ca9dfe8456f450c4d priority=interactive queueMs=0 active=1 pending=0
14:37:34.238 AUDIO item finished segment=9-1 index=1/4
14:37:34.238 AUDIO advance segment from=9-1 to=9-2
14:37:34.239 AUDIO stage segment=9-2 index=2/4 duration=7.01
14:37:34.239 AUDIO stage reused segment=9-2
14:37:34.268 AUDIO ready segment=9-2 duration=7.01 auto=Y
14:37:34.290 AUDIO state reason=time-control actual=paused waiting=Y rate=1.25 segment=9-2
14:37:34.321 AUDIO state reason=time-control actual=playing waiting=N rate=1.25 segment=9-2
14:37:34.964 TTS clone response request=cr2-386e2adb161acd50db43a0ff5834b9ba09b43fe43183e17ca9dfe8456f450c4d status=200 quota=async attempt=1 remaining=6546
14:37:34.989 READ segment ready para=9 seg=4 count=5 duration=7.18
14:37:34.990 AUDIO enqueue segment=9-4 queue=5 waiting=N auto=Y
14:37:34.998 READ prefetch done para=9 epoch=3 segs=5 promoted=true
14:37:34.999 READ prefetch start para=10 epoch=3 chars=133 streaming=Y
14:37:35.000 TEXT refocus read para=9 token=4
14:37:35.015 TTS part begin para=10 part=0 request=cr2-3cc5473db58b167c0e77954124f8c93782a3dfbb1af66765a4a3ec7acb21f237 priority=readAhead
14:37:35.030 TTS schedule dispatch request=cr2-3cc5473db58b167c0e77954124f8c93782a3dfbb1af66765a4a3ec7acb21f237 priority=readAhead queueMs=0 active=1 pending=0
14:37:35.547 TTS clone response request=cr2-3cc5473db58b167c0e77954124f8c93782a3dfbb1af66765a4a3ec7acb21f237 status=200 quota=async attempt=1 remaining=6544
14:37:35.564 READ prefetch playable para=10 seg=0 buffered=1
14:37:35.564 TTS part begin para=10 part=1 request=cr2-decc3f56752d92925d04af636b4d6c006c504e56438928cceed4db6d64cc8a61 priority=readAhead
14:37:35.565 TTS schedule dispatch request=cr2-decc3f56752d92925d04af636b4d6c006c504e56438928cceed4db6d64cc8a61 priority=readAhead queueMs=0 active=1 pending=0
14:37:36.782 TTS clone response request=cr2-decc3f56752d92925d04af636b4d6c006c504e56438928cceed4db6d64cc8a61 status=200 quota=async attempt=1 remaining=6534
14:37:36.798 READ prefetch playable para=10 seg=1 buffered=2
14:37:36.799 TTS part begin para=10 part=2 request=cr2-74e3a669db3682213a80f0ce8692dacb942e16ee3d155e90dc9c8e016b5125f3 priority=readAhead
14:37:36.799 TTS schedule dispatch request=cr2-74e3a669db3682213a80f0ce8692dacb942e16ee3d155e90dc9c8e016b5125f3 priority=readAhead queueMs=0 active=1 pending=0
14:37:37.753 TTS clone response request=cr2-74e3a669db3682213a80f0ce8692dacb942e16ee3d155e90dc9c8e016b5125f3 status=200 quota=async attempt=1 remaining=6529
14:37:37.773 READ prefetch playable para=10 seg=2 buffered=3
14:37:39.968 AUDIO item finished segment=9-2 index=2/5
14:37:39.968 AUDIO advance segment from=9-2 to=9-3
14:37:39.969 AUDIO stage segment=9-3 index=3/5 duration=7.49
14:37:40.007 AUDIO ready segment=9-3 duration=7.49 auto=Y
14:37:40.028 AUDIO state reason=time-control actual=paused waiting=Y rate=1.25 segment=9-3
14:37:40.060 AUDIO state reason=time-control actual=playing waiting=N rate=1.25 segment=9-3
14:37:46.088 AUDIO item finished segment=9-3 index=3/5
14:37:46.089 AUDIO advance segment from=9-3 to=9-4
14:37:46.089 AUDIO stage segment=9-4 index=4/5 duration=7.18
14:37:46.126 AUDIO ready segment=9-4 duration=7.18 auto=Y
14:37:46.147 AUDIO state reason=time-control actual=paused waiting=Y rate=1.25 segment=9-4
14:37:46.180 AUDIO state reason=time-control actual=playing waiting=N rate=1.25 segment=9-4
14:37:51.958 AUDIO item finished segment=9-4 index=4/5
14:37:51.958 AUDIO queue complete segment=9-4 queue=5
14:37:51.959 READ completion accepted para=9 status=ready
14:37:51.959 READ advance from=9 readable=16 status=ready prefetching=10 prefetched=10
14:37:51.968 READ checkpoint saved source=text item=431ce4538db8 para=9 seg=4 time=7.176 offset=106 visual=true reflow=false word=- fraction=0.0
14:37:51.969 READ prefetch promote para=10 segs=3
14:37:51.971 AUDIO stage segment=10-0 index=0/3 duration=2.45
14:37:51.972 AUDIO stage reused segment=10-0
14:37:51.973 AUDIO producer expected=Y owner=readAloud gen=4 segment=10-0
14:37:52.004 TEXT refocus read para=10 token=4
14:37:52.023 AUDIO ready segment=10-0 duration=2.45 auto=Y
14:37:52.023 AUDIO state reason=time-control actual=paused waiting=Y rate=1.25 segment=10-0
14:37:52.050 AUDIO state reason=time-control actual=playing waiting=N rate=1.25 segment=10-0
14:37:52.875 TTS part begin para=10 part=3 request=cr2-52974c8fdd24d64763af6c68d5761ff4c6b1cf09a402894744a7436315e585aa priority=interactive
14:37:52.876 TTS schedule dispatch request=cr2-52974c8fdd24d64763af6c68d5761ff4c6b1cf09a402894744a7436315e585aa priority=interactive queueMs=0 active=1 pending=0
14:37:53.784 TTS clone response request=cr2-52974c8fdd24d64763af6c68d5761ff4c6b1cf09a402894744a7436315e585aa status=200 quota=async attempt=1 remaining=6525
14:37:53.795 READ segment ready para=10 seg=3 count=4 duration=4.54
14:37:53.795 AUDIO enqueue segment=10-3 queue=4 waiting=N auto=Y
14:37:53.803 TEXT refocus read para=10 token=4
14:37:54.078 AUDIO item finished segment=10-0 index=0/4
14:37:54.079 AUDIO advance segment from=10-0 to=10-1
14:37:54.079 AUDIO stage segment=10-1 index=1/4 duration=8.21
14:37:54.080 AUDIO stage reused segment=10-1
14:37:54.111 AUDIO ready segment=10-1 duration=8.21 auto=Y
14:37:54.111 AUDIO state reason=time-control actual=paused waiting=Y rate=1.25 segment=10-1
14:37:54.136 AUDIO state reason=time-control actual=playing waiting=N rate=1.25 segment=10-1
14:37:54.579 CLONE quota status request=7D06727E-3E1B-45CC-AB70-4482DF89B8EC policy=monthly_120_v1 remaining=6528
14:37:56.623 TTS part begin para=10 part=4 request=cr2-cedd18d2f878ef37d5ee63e7c3d9f4bb8fa07a9044a3c99975f97c252d4c6f82 priority=interactive
14:37:56.623 TTS schedule dispatch request=cr2-cedd18d2f878ef37d5ee63e7c3d9f4bb8fa07a9044a3c99975f97c252d4c6f82 priority=interactive queueMs=0 active=1 pending=0
14:37:56.678 CLONE quota status request=03D04747-BA0A-4DA8-821A-E4794C5A6AAA policy=monthly_120_v1 remaining=6522
14:37:57.479 TTS clone response request=cr2-cedd18d2f878ef37d5ee63e7c3d9f4bb8fa07a9044a3c99975f97c252d4c6f82 status=200 quota=async attempt=1 remaining=6522
14:37:57.479 CLONE quota stale snapshot ignored read=136 applied=137
14:37:57.480 READ segment ready para=10 seg=4 count=5 duration=3.34
14:37:57.480 AUDIO enqueue segment=10-4 queue=5 waiting=N auto=Y
14:37:57.488 TEXT refocus read para=10 token=4
14:37:59.264 TTS part begin para=10 part=5 request=cr2-03d99a5ed15bc8e5d5f93fb09be0be737b6e52228060571fe2cd1bfc696ef51a priority=interactive
14:37:59.264 TTS schedule dispatch request=cr2-03d99a5ed15bc8e5d5f93fb09be0be737b6e52228060571fe2cd1bfc696ef51a priority=interactive queueMs=0 active=1 pending=0
14:38:00.184 TTS clone response request=cr2-03d99a5ed15bc8e5d5f93fb09be0be737b6e52228060571fe2cd1bfc696ef51a status=200 quota=async attempt=1 remaining=6516
14:38:00.193 READ segment ready para=10 seg=5 count=6 duration=5.66
14:38:00.193 AUDIO enqueue segment=10-5 queue=6 waiting=N auto=Y
14:38:00.206 READ prefetch done para=10 epoch=3 segs=6 promoted=true
14:38:00.207 READ prefetch start para=11 epoch=3 chars=69 streaming=Y
14:38:00.207 TEXT refocus read para=10 token=4
14:38:00.223 TTS part begin para=11 part=0 request=cr2-8fb393a382c6c96be5c1e93debf23e760ad246a96931cbf0ba3a353e0dbac02f priority=readAhead
14:38:00.224 TTS schedule dispatch request=cr2-8fb393a382c6c96be5c1e93debf23e760ad246a96931cbf0ba3a353e0dbac02f priority=readAhead queueMs=0 active=1 pending=0
14:38:00.768 AUDIO item finished segment=10-1 index=1/6
14:38:00.769 AUDIO advance segment from=10-1 to=10-2
14:38:00.770 AUDIO stage segment=10-2 index=2/6 duration=5.26
14:38:00.770 AUDIO stage reused segment=10-2
14:38:00.801 AUDIO ready segment=10-2 duration=5.26 auto=Y
14:38:00.821 AUDIO state reason=time-control actual=paused waiting=Y rate=1.25 segment=10-2
14:38:00.853 AUDIO state reason=time-control actual=playing waiting=N rate=1.25 segment=10-2
14:38:00.975 TTS clone response request=cr2-8fb393a382c6c96be5c1e93debf23e760ad246a96931cbf0ba3a353e0dbac02f status=200 quota=async attempt=1 remaining=6512
14:38:01.011 READ prefetch playable para=11 seg=0 buffered=1
14:38:01.012 TTS part begin para=11 part=1 request=cr2-505c3e0da6954d17c604c3e43f9916a4f1c71de2708bfa08c82cf820aa386548 priority=readAhead
14:38:01.012 TTS schedule dispatch request=cr2-505c3e0da6954d17c604c3e43f9916a4f1c71de2708bfa08c82cf820aa386548 priority=readAhead queueMs=0 active=1 pending=0
14:38:04.466 TTS clone response request=cr2-505c3e0da6954d17c604c3e43f9916a4f1c71de2708bfa08c82cf820aa386548 status=200 quota=async attempt=1 remaining=6506
14:38:04.501 READ prefetch playable para=11 seg=1 buffered=2
14:38:04.502 TTS part begin para=11 part=2 request=cr2-8e58e41759c990182d47489fcce6023bca51f2dfb16bf585373dbad1b193c2a2 priority=readAhead
14:38:04.502 TTS schedule dispatch request=cr2-8e58e41759c990182d47489fcce6023bca51f2dfb16bf585373dbad1b193c2a2 priority=readAhead queueMs=0 active=1 pending=0
14:38:05.108 AUDIO item finished segment=10-2 index=2/6
14:38:05.109 AUDIO advance segment from=10-2 to=10-3
14:38:05.110 AUDIO stage segment=10-3 index=3/6 duration=4.54
14:38:05.142 VIEWPORT follow source=text from=962 to=1397 target=1576 height=715 animated=Y
14:38:05.143 AUDIO ready segment=10-3 duration=4.54 auto=Y
14:38:05.143 AUDIO state reason=time-control actual=paused waiting=Y rate=1.25 segment=10-3
14:38:05.166 AUDIO state reason=time-control actual=playing waiting=N rate=1.25 segment=10-3
14:38:06.343 TTS clone response request=cr2-8e58e41759c990182d47489fcce6023bca51f2dfb16bf585373dbad1b193c2a2 status=200 quota=async attempt=1 remaining=6500
14:38:06.363 READ prefetch playable para=11 seg=2 buffered=3
14:38:06.363 READ prefetch done para=11 epoch=3 segs=3 promoted=false
14:38:08.868 AUDIO item finished segment=10-3 index=3/6
14:38:08.869 AUDIO advance segment from=10-3 to=10-4
14:38:08.869 AUDIO stage segment=10-4 index=4/6 duration=3.34
14:38:08.907 AUDIO ready segment=10-4 duration=3.34 auto=Y
14:38:08.929 AUDIO state reason=time-control actual=paused waiting=Y rate=1.25 segment=10-4
14:38:08.962 AUDIO state reason=time-control actual=playing waiting=N rate=1.25 segment=10-4
14:38:11.668 AUDIO item finished segment=10-4 index=4/6
14:38:11.670 AUDIO advance segment from=10-4 to=10-5
14:38:11.670 AUDIO stage segment=10-5 index=5/6 duration=5.66
14:38:11.707 AUDIO ready segment=10-5 duration=5.66 auto=Y
14:38:11.729 AUDIO state reason=time-control actual=paused waiting=Y rate=1.25 segment=10-5
14:38:11.762 AUDIO state reason=time-control actual=playing waiting=N rate=1.25 segment=10-5
14:38:11.953 READ voice switch begin from=vl_b4bb75aa2d3e56fd90a2 to=vc_12e286594652455dae539cabbf93c2c0 para=10 auto=true requested=true userPaused=false
14:38:11.956 READ checkpoint saved source=text item=431ce4538db8 para=10 seg=5 time=0.233599376 offset=107 visual=true reflow=false word=- fraction=0.0
14:38:11.960 READ generate start para=10 epoch=4 chars=133
14:38:11.961 AUDIO producer expected=Y owner=readAloud gen=4 segment=nil
14:38:11.962 READ voice switch suffix para=10 skippedChars=107 requestChars=26
14:38:11.995 TEXT refocus read para=10 token=4
14:38:12.018 TTS part begin para=10 part=5 request=cr2-8511383de6189b9b1f721f554aa01ca902172f5acdef6e8b22c1eb8507e1fc15 priority=interactive
14:38:12.019 TTS schedule dispatch request=cr2-8511383de6189b9b1f721f554aa01ca902172f5acdef6e8b22c1eb8507e1fc15 priority=interactive queueMs=0 active=1 pending=0
14:38:13.267 TTS clone response request=cr2-8511383de6189b9b1f721f554aa01ca902172f5acdef6e8b22c1eb8507e1fc15 status=200 quota=async attempt=1 remaining=6494
14:38:13.309 READ segment ready para=10 seg=5 count=6 duration=6.62
14:38:13.311 AUDIO stage segment=10-5 index=0/1 duration=6.62
14:38:13.324 READ resume audio para=10 seg=5 time=0.2790034624067797
14:38:13.324 READ voice switch finished para=10
14:38:13.356 READ generate done para=10 epoch=4 segs=6
14:38:13.357 READ prefetch start para=11 epoch=4 chars=69 streaming=Y
14:38:13.357 TEXT refocus read para=10 token=4
14:38:13.380 TTS part begin para=11 part=0 request=cr2-de26e5b9e37e519e109421cd888a3218018a0c3ebe48841b5ac34f7580f4bf4c priority=readAhead
14:38:13.380 AUDIO ready segment=10-5 duration=6.62 auto=Y
14:38:13.397 TTS schedule dispatch request=cr2-de26e5b9e37e519e109421cd888a3218018a0c3ebe48841b5ac34f7580f4bf4c priority=readAhead queueMs=0 active=1 pending=0
14:38:13.398 AUDIO state reason=time-control actual=paused waiting=Y rate=1.25 segment=10-5
14:38:13.425 AUDIO state reason=time-control actual=playing waiting=N rate=1.25 segment=10-5
14:38:13.474 READ resume first-play source=text item=431ce4538db8 para=10 time=0.300610211 word=- fraction=0.0
14:38:14.330 TTS clone response request=cr2-de26e5b9e37e519e109421cd888a3218018a0c3ebe48841b5ac34f7580f4bf4c status=200 quota=async attempt=1 remaining=6488
14:38:14.346 READ prefetch playable para=11 seg=0 buffered=1
14:38:14.347 TTS part begin para=11 part=1 request=cr2-6cb70e0a79b581862acca08efe965441d845de3d3aed3641e0b1cb7805a20281 priority=readAhead
14:38:14.347 TTS schedule dispatch request=cr2-6cb70e0a79b581862acca08efe965441d845de3d3aed3641e0b1cb7805a20281 priority=readAhead queueMs=0 active=1 pending=0
14:38:15.570 TTS clone response request=cr2-6cb70e0a79b581862acca08efe965441d845de3d3aed3641e0b1cb7805a20281 status=200 quota=async attempt=1 remaining=6479
14:38:15.587 READ prefetch playable para=11 seg=1 buffered=2
14:38:15.588 TTS part begin para=11 part=2 request=cr2-3e72bd1d8e0891b5cbfafb6c44c45dd13e70793b7b7d4ccb920c5e95b2182dea priority=readAhead
14:38:15.588 TTS schedule dispatch request=cr2-3e72bd1d8e0891b5cbfafb6c44c45dd13e70793b7b7d4ccb920c5e95b2182dea priority=readAhead queueMs=0 active=1 pending=0
14:38:16.651 TTS clone response request=cr2-3e72bd1d8e0891b5cbfafb6c44c45dd13e70793b7b7d4ccb920c5e95b2182dea status=200 quota=async attempt=1 remaining=6470
14:38:16.667 READ prefetch playable para=11 seg=2 buffered=3
14:38:16.668 READ prefetch done para=11 epoch=4 segs=3 promoted=false
14:38:18.568 AUDIO item finished segment=10-5 index=0/1
14:38:18.569 AUDIO queue complete segment=10-5 queue=1
14:38:18.569 READ completion accepted para=10 status=ready
14:38:18.570 READ advance from=10 readable=16 status=ready prefetching=- prefetched=11
14:38:18.577 READ checkpoint saved source=text item=431ce4538db8 para=10 seg=5 time=6.624 offset=107 visual=true reflow=false word=- fraction=0.0
14:38:18.579 READ prefetch promote para=11 segs=3
14:38:18.580 AUDIO stage segment=11-0 index=0/3 duration=4.54
14:38:18.581 AUDIO stage reused segment=11-0
14:38:18.583 READ prefetch start para=12 epoch=4 chars=80 streaming=Y
14:38:18.611 TEXT refocus read para=11 token=4
14:38:18.612 TTS part begin para=12 part=0 request=cr2-0a4cf016086fb5c21be05b680654a061c7e481f42928f1a29500ddb0a973832d priority=readAhead
14:38:18.613 TTS schedule dispatch request=cr2-0a4cf016086fb5c21be05b680654a061c7e481f42928f1a29500ddb0a973832d priority=readAhead queueMs=0 active=1 pending=0
14:38:18.628 AUDIO ready segment=11-0 duration=4.54 auto=Y
14:38:18.628 AUDIO state reason=time-control actual=paused waiting=Y rate=1.25 segment=11-0
14:38:18.655 AUDIO state reason=time-control actual=playing waiting=N rate=1.25 segment=11-0
14:38:19.983 TTS clone response request=cr2-0a4cf016086fb5c21be05b680654a061c7e481f42928f1a29500ddb0a973832d status=200 quota=async attempt=1 remaining=6465
14:38:20.000 READ prefetch playable para=12 seg=0 buffered=1
14:38:20.000 TTS part begin para=12 part=1 request=cr2-e52a9baac303de88fc256c6d4e97fba1803f3e81fe94678272c33fba789ecd69 priority=readAhead
14:38:20.001 TTS schedule dispatch request=cr2-e52a9baac303de88fc256c6d4e97fba1803f3e81fe94678272c33fba789ecd69 priority=readAhead queueMs=0 active=1 pending=0
14:38:21.223 TTS clone response request=cr2-e52a9baac303de88fc256c6d4e97fba1803f3e81fe94678272c33fba789ecd69 status=200 quota=async attempt=1 remaining=6457
14:38:21.240 READ prefetch playable para=12 seg=1 buffered=2
14:38:21.241 TTS part begin para=12 part=2 request=cr2-436e414851e4ba512386fb461bffeb58acd98502711ba1305b746ee203b2311e priority=readAhead
14:38:21.241 TTS schedule dispatch request=cr2-436e414851e4ba512386fb461bffeb58acd98502711ba1305b746ee203b2311e priority=readAhead queueMs=0 active=1 pending=0
14:38:22.143 TTS clone response request=cr2-436e414851e4ba512386fb461bffeb58acd98502711ba1305b746ee203b2311e status=200 quota=async attempt=1 remaining=6451
14:38:22.160 READ prefetch playable para=12 seg=2 buffered=3
14:38:22.161 TTS part begin para=12 part=3 request=cr2-e5e075a1d7e587d9870b7a3967d1d4763773c0f2ebe43253794bdf271b705018 priority=readAhead
14:38:22.161 TTS schedule dispatch request=cr2-e5e075a1d7e587d9870b7a3967d1d4763773c0f2ebe43253794bdf271b705018 priority=readAhead queueMs=0 active=1 pending=0
14:38:22.348 AUDIO item finished segment=11-0 index=0/3
14:38:22.348 AUDIO advance segment from=11-0 to=11-1
14:38:22.349 AUDIO stage segment=11-1 index=1/3 duration=5.90
14:38:22.349 AUDIO stage reused segment=11-1
14:38:22.381 AUDIO ready segment=11-1 duration=5.90 auto=Y
14:38:22.401 AUDIO state reason=time-control actual=paused waiting=Y rate=1.25 segment=11-1
14:38:22.434 AUDIO state reason=time-control actual=playing waiting=N rate=1.25 segment=11-1
14:38:23.180 TTS clone response request=cr2-e5e075a1d7e587d9870b7a3967d1d4763773c0f2ebe43253794bdf271b705018 status=200 quota=async attempt=1 remaining=6442
14:38:23.198 READ prefetch playable para=12 seg=3 buffered=4
14:38:23.215 READ prefetch done para=12 epoch=4 segs=4 promoted=false
14:38:27.198 AUDIO item finished segment=11-1 index=1/3
14:38:27.199 AUDIO advance segment from=11-1 to=11-2
14:38:27.199 AUDIO stage segment=11-2 index=2/3 duration=6.77
14:38:27.200 AUDIO stage reused segment=11-2
14:38:27.230 AUDIO ready segment=11-2 duration=6.77 auto=Y
14:38:27.251 AUDIO state reason=time-control actual=paused waiting=Y rate=1.25 segment=11-2
14:38:27.283 AUDIO state reason=time-control actual=playing waiting=N rate=1.25 segment=11-2
14:38:30.527 READ checkpoint saved source=text item=431ce4538db8 para=11 seg=2 time=4.040598074 offset=42 visual=true reflow=false word=- fraction=0.0
14:38:30.551 READ checkpoint saved source=text item=431ce4538db8 para=11 seg=2 time=4.04070026 offset=42 visual=true reflow=false word=- fraction=0.0
14:38:30.556 READ checkpoint saved source=text item=431ce4538db8 para=11 seg=2 time=4.04070026 offset=42 visual=true reflow=false word=- fraction=0.0
14:38:30.560 READ checkpoint saved source=text item=431ce4538db8 para=11 seg=2 time=4.04070026 offset=42 visual=true reflow=false word=- fraction=0.0
14:39:19.335 AUDIO state reason=time-control actual=paused waiting=Y rate=1.25 segment=11-2
14:39:19.363 AUDIO state reason=time-control actual=playing waiting=N rate=1.25 segment=11-2
14:39:21.528 AUDIO item finished segment=11-2 index=2/3
14:39:21.529 AUDIO queue complete segment=11-2 queue=3
14:39:21.529 READ completion accepted para=11 status=ready
14:39:21.530 READ advance from=11 readable=16 status=ready prefetching=- prefetched=12
14:39:21.538 READ checkpoint saved source=text item=431ce4538db8 para=11 seg=2 time=6.768 offset=42 visual=true reflow=false word=- fraction=0.0
14:39:21.539 READ prefetch promote para=12 segs=4
14:39:21.541 AUDIO stage segment=12-0 index=0/4 duration=3.65
14:39:21.542 AUDIO stage reused segment=12-0
14:39:21.545 READ prefetch start para=13 epoch=4 chars=73 streaming=Y
14:39:21.572 TEXT refocus read para=12 token=4
14:39:21.573 TTS part begin para=13 part=0 request=cr2-c72f9ce98abe4696178af5a95f79527a1028fda552f4364f12d7691dbd2f6f8e priority=readAhead
14:39:21.573 TTS schedule dispatch request=cr2-c72f9ce98abe4696178af5a95f79527a1028fda552f4364f12d7691dbd2f6f8e priority=readAhead queueMs=0 active=1 pending=0
14:39:21.594 AUDIO ready segment=12-0 duration=3.65 auto=Y
14:39:21.595 AUDIO state reason=time-control actual=paused waiting=Y rate=1.25 segment=12-0
14:39:21.622 AUDIO state reason=time-control actual=playing waiting=N rate=1.25 segment=12-0
14:39:22.250 TTS clone response request=cr2-c72f9ce98abe4696178af5a95f79527a1028fda552f4364f12d7691dbd2f6f8e status=200 quota=async attempt=1 remaining=6436
14:39:22.268 READ prefetch playable para=13 seg=0 buffered=1
14:39:22.284 TTS part begin para=13 part=1 request=cr2-7a44892a0993207607cb6bb369ca3d29b6689727b3e63f102865a5943427d22b priority=readAhead
14:39:22.285 TTS schedule dispatch request=cr2-7a44892a0993207607cb6bb369ca3d29b6689727b3e63f102865a5943427d22b priority=readAhead queueMs=0 active=1 pending=0
14:39:24.280 TTS clone response request=cr2-7a44892a0993207607cb6bb369ca3d29b6689727b3e63f102865a5943427d22b status=200 quota=async attempt=1 remaining=6425
14:39:24.298 READ prefetch playable para=13 seg=1 buffered=2
14:39:24.315 TTS part begin para=13 part=2 request=cr2-e85250c6bafe516138315fcccfadb2a4bb29552c66d5571a07a332dc667a402b priority=readAhead
14:39:24.315 TTS schedule dispatch request=cr2-e85250c6bafe516138315fcccfadb2a4bb29552c66d5571a07a332dc667a402b priority=readAhead queueMs=0 active=1 pending=0
14:39:24.608 AUDIO item finished segment=12-0 index=0/4
14:39:24.608 AUDIO advance segment from=12-0 to=12-1
14:39:24.609 AUDIO stage segment=12-1 index=1/4 duration=6.46
14:39:24.609 AUDIO stage reused segment=12-1
14:39:24.640 AUDIO ready segment=12-1 duration=6.46 auto=Y
14:39:24.661 AUDIO state reason=time-control actual=paused waiting=Y rate=1.25 segment=12-1
14:39:24.692 AUDIO state reason=time-control actual=playing waiting=N rate=1.25 segment=12-1
14:39:25.612 TTS clone response request=cr2-e85250c6bafe516138315fcccfadb2a4bb29552c66d5571a07a332dc667a402b status=200 quota=async attempt=1 remaining=6416
14:39:25.640 READ prefetch playable para=13 seg=2 buffered=3
14:39:25.641 READ prefetch done para=13 epoch=4 segs=3 promoted=false
14:39:29.898 AUDIO item finished segment=12-1 index=1/4
14:39:29.899 AUDIO advance segment from=12-1 to=12-2
14:39:29.899 AUDIO stage segment=12-2 index=2/4 duration=4.13
14:39:29.900 AUDIO stage reused segment=12-2
14:39:29.930 AUDIO ready segment=12-2 duration=4.13 auto=Y
14:39:29.950 AUDIO state reason=time-control actual=paused waiting=Y rate=1.25 segment=12-2
14:39:29.982 AUDIO state reason=time-control actual=playing waiting=N rate=1.25 segment=12-2
14:39:33.328 AUDIO item finished segment=12-2 index=2/4
14:39:33.329 AUDIO advance segment from=12-2 to=12-3
14:39:33.329 AUDIO stage segment=12-3 index=3/4 duration=6.53
14:39:33.330 AUDIO stage reused segment=12-3
14:39:33.360 AUDIO ready segment=12-3 duration=6.53 auto=Y
14:39:33.360 AUDIO state reason=time-control actual=paused waiting=Y rate=1.25 segment=12-3
14:39:33.385 AUDIO state reason=time-control actual=playing waiting=N rate=1.25 segment=12-3
14:39:38.678 AUDIO item finished segment=12-3 index=3/4
14:39:38.679 AUDIO queue complete segment=12-3 queue=4
14:39:38.679 READ completion accepted para=12 status=ready
14:39:38.680 READ advance from=12 readable=16 status=ready prefetching=- prefetched=13
14:39:38.688 READ checkpoint saved source=text item=431ce4538db8 para=12 seg=3 time=6.528 offset=53 visual=true reflow=false word=- fraction=0.0
14:39:38.690 READ prefetch promote para=13 segs=3
14:39:38.691 AUDIO stage segment=13-0 index=0/3 duration=3.50
14:39:38.692 AUDIO stage reused segment=13-0
14:39:38.694 READ prefetch start para=14 epoch=4 chars=136 streaming=Y
14:39:38.721 TEXT refocus read para=13 token=4
14:39:38.721 TTS part begin para=14 part=0 request=cr2-2a2551e63b7588fa684fadc770639c5fa94f3c12c1efe5c6d7755a7725f5384c priority=readAhead
14:39:38.722 TTS schedule dispatch request=cr2-2a2551e63b7588fa684fadc770639c5fa94f3c12c1efe5c6d7755a7725f5384c priority=readAhead queueMs=0 active=1 pending=0
14:39:38.745 AUDIO ready segment=13-0 duration=3.50 auto=Y
14:39:38.745 AUDIO state reason=time-control actual=paused waiting=Y rate=1.25 segment=13-0
14:39:38.771 AUDIO state reason=time-control actual=playing waiting=N rate=1.25 segment=13-0
14:39:40.562 TTS clone response request=cr2-2a2551e63b7588fa684fadc770639c5fa94f3c12c1efe5c6d7755a7725f5384c status=200 quota=async attempt=1 remaining=6408
14:39:40.597 READ prefetch playable para=14 seg=0 buffered=1
14:39:40.597 TTS part begin para=14 part=1 request=cr2-a38b258f14119393eefc8aa08a1b7df1b8c63bff21a7f263e228328b1617871f priority=readAhead
14:39:40.598 TTS schedule dispatch request=cr2-a38b258f14119393eefc8aa08a1b7df1b8c63bff21a7f263e228328b1617871f priority=readAhead queueMs=0 active=1 pending=0
14:39:41.649 AUDIO item finished segment=13-0 index=0/3
14:39:41.649 AUDIO advance segment from=13-0 to=13-1
14:39:41.650 AUDIO stage segment=13-1 index=1/3 duration=8.69
14:39:41.650 AUDIO stage reused segment=13-1
14:39:41.681 AUDIO ready segment=13-1 duration=8.69 auto=Y
14:39:41.681 AUDIO state reason=time-control actual=paused waiting=Y rate=1.25 segment=13-1
14:39:41.706 AUDIO state reason=time-control actual=playing waiting=N rate=1.25 segment=13-1
14:39:42.083 TTS clone response request=cr2-a38b258f14119393eefc8aa08a1b7df1b8c63bff21a7f263e228328b1617871f status=200 quota=async attempt=1 remaining=6400
14:39:42.100 READ prefetch playable para=14 seg=1 buffered=2
14:39:42.101 TTS part begin para=14 part=2 request=cr2-4f62ecaaa51c55f5023e3cc95708e310bf0124b27520c69417ad060cf09f81dd priority=readAhead
14:39:42.101 TTS schedule dispatch request=cr2-4f62ecaaa51c55f5023e3cc95708e310bf0124b27520c69417ad060cf09f81dd priority=readAhead queueMs=0 active=1 pending=0
14:39:43.883 TTS clone response request=cr2-4f62ecaaa51c55f5023e3cc95708e310bf0124b27520c69417ad060cf09f81dd status=200 quota=async attempt=1 remaining=6391
14:39:43.901 READ prefetch playable para=14 seg=2 buffered=3
14:39:48.728 AUDIO item finished segment=13-1 index=1/3
14:39:48.729 AUDIO advance segment from=13-1 to=13-2
14:39:48.730 AUDIO stage segment=13-2 index=2/3 duration=7.18
14:39:48.730 AUDIO stage reused segment=13-2
14:39:48.760 VIEWPORT follow source=text from=1398 to=1784 target=2023 height=715 animated=Y
14:39:48.761 AUDIO ready segment=13-2 duration=7.18 auto=Y
14:39:48.762 AUDIO state reason=time-control actual=paused waiting=Y rate=1.25 segment=13-2
14:39:48.787 AUDIO state reason=time-control actual=playing waiting=N rate=1.25 segment=13-2
14:39:54.598 AUDIO item finished segment=13-2 index=2/3
14:39:54.599 AUDIO queue complete segment=13-2 queue=3
14:39:54.599 READ completion accepted para=13 status=ready
14:39:54.600 READ advance from=13 readable=16 status=ready prefetching=14 prefetched=14
14:39:54.608 READ checkpoint saved source=text item=431ce4538db8 para=13 seg=2 time=7.176 offset=47 visual=true reflow=false word=- fraction=0.0
14:39:54.609 READ prefetch promote para=14 segs=3
14:39:54.611 AUDIO stage segment=14-0 index=0/3 duration=5.26
14:39:54.613 AUDIO stage reused segment=14-0
14:39:54.614 AUDIO producer expected=Y owner=readAloud gen=4 segment=14-0
14:39:54.643 TEXT refocus read para=14 token=4
14:39:54.660 AUDIO ready segment=14-0 duration=5.26 auto=Y
14:39:54.660 AUDIO state reason=time-control actual=paused waiting=Y rate=1.25 segment=14-0
14:39:54.687 AUDIO state reason=time-control actual=playing waiting=N rate=1.25 segment=14-0
14:39:58.968 AUDIO item finished segment=14-0 index=0/3
14:39:58.969 AUDIO advance segment from=14-0 to=14-1
14:39:58.970 AUDIO stage segment=14-1 index=1/3 duration=7.18
14:39:58.970 AUDIO stage reused segment=14-1
14:39:58.998 AUDIO ready segment=14-1 duration=7.18 auto=Y
14:39:59.020 AUDIO state reason=time-control actual=paused waiting=Y rate=1.25 segment=14-1
14:39:59.050 AUDIO state reason=time-control actual=playing waiting=N rate=1.25 segment=14-1
14:39:59.671 TTS part begin para=14 part=3 request=cr2-adff5573e4196ad5941ef8a1b76a7582849dcaa5193ef5257c778b5c16a81a56 priority=interactive
14:39:59.672 TTS schedule dispatch request=cr2-adff5573e4196ad5941ef8a1b76a7582849dcaa5193ef5257c778b5c16a81a56 priority=interactive queueMs=0 active=1 pending=0
14:40:01.362 TTS clone response request=cr2-adff5573e4196ad5941ef8a1b76a7582849dcaa5193ef5257c778b5c16a81a56 status=200 quota=async attempt=1 remaining=6381
14:40:01.372 READ segment ready para=14 seg=3 count=4 duration=7.73
14:40:01.373 AUDIO enqueue segment=14-3 queue=4 waiting=N auto=Y
14:40:01.380 TEXT refocus read para=14 token=4
14:40:04.828 AUDIO item finished segment=14-1 index=1/4
14:40:04.829 AUDIO advance segment from=14-1 to=14-2
14:40:04.830 AUDIO stage segment=14-2 index=2/4 duration=8.54
14:40:04.830 AUDIO stage reused segment=14-2
14:40:04.859 AUDIO ready segment=14-2 duration=8.54 auto=Y
14:40:04.878 AUDIO state reason=time-control actual=paused waiting=Y rate=1.25 segment=14-2
14:40:04.910 AUDIO state reason=time-control actual=playing waiting=N rate=1.25 segment=14-2
14:40:06.012 TTS part begin para=14 part=4 request=cr2-762fc805427b51157c6db88288b300e25e53debffc1d8d91855ff8a0a83d0142 priority=interactive
14:40:06.012 TTS schedule dispatch request=cr2-762fc805427b51157c6db88288b300e25e53debffc1d8d91855ff8a0a83d0142 priority=interactive queueMs=0 active=1 pending=0
14:40:07.733 TTS clone response request=cr2-762fc805427b51157c6db88288b300e25e53debffc1d8d91855ff8a0a83d0142 status=200 quota=async attempt=1 remaining=6371
14:40:07.740 READ segment ready para=14 seg=4 count=5 duration=7.01
14:40:07.740 AUDIO enqueue segment=14-4 queue=5 waiting=N auto=Y
14:40:07.749 READ prefetch done para=14 epoch=4 segs=5 promoted=true
14:40:07.750 READ prefetch start para=15 epoch=4 chars=133 streaming=Y
14:40:07.750 TEXT refocus read para=14 token=4
14:40:07.766 TTS part begin para=15 part=0 request=cr2-8840c9c5fb71b4ee43dba08c0e8f85df09609879c04477adc7c7cd5160091e2f priority=readAhead
14:40:07.782 TTS schedule dispatch request=cr2-8840c9c5fb71b4ee43dba08c0e8f85df09609879c04477adc7c7cd5160091e2f priority=readAhead queueMs=0 active=1 pending=0
14:40:10.074 TTS clone response request=cr2-8840c9c5fb71b4ee43dba08c0e8f85df09609879c04477adc7c7cd5160091e2f status=200 quota=async attempt=1 remaining=6367
14:40:10.091 READ prefetch playable para=15 seg=0 buffered=1
14:40:10.107 TTS part begin para=15 part=1 request=cr2-f4b92e6f87bb0e4805b8082f1553ab6009bb3f331ecfb4762ec69a7cd94df72f priority=readAhead
14:40:10.107 TTS schedule dispatch request=cr2-f4b92e6f87bb0e4805b8082f1553ab6009bb3f331ecfb4762ec69a7cd94df72f priority=readAhead queueMs=0 active=1 pending=0
14:40:11.333 TTS clone response request=cr2-f4b92e6f87bb0e4805b8082f1553ab6009bb3f331ecfb4762ec69a7cd94df72f status=200 quota=async attempt=1 remaining=6354
14:40:11.348 READ prefetch playable para=15 seg=1 buffered=2
14:40:11.351 TTS part begin para=15 part=2 request=cr2-7239d807f12ff3b617fa381f5ae11fd7e10ce4312e2634a5a4ca393daf4f98f9 priority=readAhead
14:40:11.352 TTS schedule dispatch request=cr2-7239d807f12ff3b617fa381f5ae11fd7e10ce4312e2634a5a4ca393daf4f98f9 priority=readAhead queueMs=0 active=1 pending=0
14:40:11.789 AUDIO item finished segment=14-2 index=2/5
14:40:11.789 AUDIO advance segment from=14-2 to=14-3
14:40:11.790 AUDIO stage segment=14-3 index=3/5 duration=7.73
14:40:11.826 AUDIO ready segment=14-3 duration=7.73 auto=Y
14:40:11.846 AUDIO state reason=time-control actual=paused waiting=Y rate=1.25 segment=14-3
14:40:11.868 AUDIO state reason=time-control actual=playing waiting=N rate=1.25 segment=14-3
14:40:12.758 TTS clone response request=cr2-7239d807f12ff3b617fa381f5ae11fd7e10ce4312e2634a5a4ca393daf4f98f9 status=200 quota=async attempt=1 remaining=6346
14:40:12.770 READ prefetch playable para=15 seg=2 buffered=3
14:40:18.109 AUDIO item finished segment=14-3 index=3/5
14:40:18.109 AUDIO advance segment from=14-3 to=14-4
14:40:18.110 AUDIO stage segment=14-4 index=4/5 duration=7.01
14:40:18.145 AUDIO ready segment=14-4 duration=7.01 auto=Y
14:40:18.164 AUDIO state reason=time-control actual=paused waiting=Y rate=1.25 segment=14-4
14:40:18.196 AUDIO state reason=time-control actual=playing waiting=N rate=1.25 segment=14-4
14:40:23.848 AUDIO item finished segment=14-4 index=4/5
14:40:23.849 AUDIO queue complete segment=14-4 queue=5
14:40:23.849 READ completion accepted para=14 status=ready
14:40:23.850 READ advance from=14 readable=16 status=ready prefetching=15 prefetched=15
14:40:23.858 READ checkpoint saved source=text item=431ce4538db8 para=14 seg=4 time=7.008 offset=106 visual=true reflow=false word=- fraction=0.0
14:40:23.860 READ prefetch promote para=15 segs=3
14:40:23.861 AUDIO stage segment=15-0 index=0/3 duration=2.54
14:40:23.863 AUDIO stage reused segment=15-0
14:40:23.865 AUDIO producer expected=Y owner=readAloud gen=4 segment=15-0
14:40:23.893 TEXT refocus read para=15 token=4
14:40:23.909 AUDIO ready segment=15-0 duration=2.54 auto=Y
14:40:23.929 AUDIO state reason=time-control actual=paused waiting=Y rate=1.25 segment=15-0
14:40:23.961 AUDIO state reason=time-control actual=playing waiting=N rate=1.25 segment=15-0
14:40:25.023 TTS part begin para=15 part=3 request=cr2-a8fc3a8a4169ef64315796bc1f3ef6dc63b9ef82e2426baba78fec4e267f8269 priority=interactive
14:40:25.023 TTS schedule dispatch request=cr2-a8fc3a8a4169ef64315796bc1f3ef6dc63b9ef82e2426baba78fec4e267f8269 priority=interactive queueMs=0 active=1 pending=0
14:40:26.039 AUDIO item finished segment=15-0 index=0/3
14:40:26.039 AUDIO advance segment from=15-0 to=15-1
14:40:26.040 AUDIO stage segment=15-1 index=1/3 duration=7.66
14:40:26.040 AUDIO stage reused segment=15-1
14:40:26.069 AUDIO ready segment=15-1 duration=7.66 auto=Y
14:40:26.088 AUDIO state reason=time-control actual=paused waiting=Y rate=1.25 segment=15-1
14:40:26.119 AUDIO state reason=time-control actual=playing waiting=N rate=1.25 segment=15-1
14:40:28.021 TTS clone response request=cr2-a8fc3a8a4169ef64315796bc1f3ef6dc63b9ef82e2426baba78fec4e267f8269 status=200 quota=async attempt=1 remaining=6339
14:40:28.031 READ segment ready para=15 seg=3 count=4 duration=4.54
14:40:28.031 AUDIO enqueue segment=15-3 queue=4 waiting=N auto=Y
14:40:28.039 TEXT refocus read para=15 token=4
14:40:28.742 TTS part begin para=15 part=4 request=cr2-313fcb26bed95e83589e752470cd705dc23f9503cf06b221f7206e2d4ff1c033 priority=interactive
14:40:28.742 TTS schedule dispatch request=cr2-313fcb26bed95e83589e752470cd705dc23f9503cf06b221f7206e2d4ff1c033 priority=interactive queueMs=0 active=1 pending=0
14:40:30.837 TTS clone response request=cr2-313fcb26bed95e83589e752470cd705dc23f9503cf06b221f7206e2d4ff1c033 status=200 quota=async attempt=1 remaining=6333
14:40:30.865 READ segment ready para=15 seg=4 count=5 duration=3.82
14:40:30.865 AUDIO enqueue segment=15-4 queue=5 waiting=N auto=Y
14:40:30.886 TEXT refocus read para=15 token=4
14:40:31.831 TTS part begin para=15 part=5 request=cr2-93e2550eacf170fed8c082a2c18d74125c9065d2821bd9d93345452455460788 priority=interactive
14:40:31.832 TTS schedule dispatch request=cr2-93e2550eacf170fed8c082a2c18d74125c9065d2821bd9d93345452455460788 priority=interactive queueMs=0 active=1 pending=0
14:40:32.289 AUDIO item finished segment=15-1 index=1/5
14:40:32.289 AUDIO advance segment from=15-1 to=15-2
14:40:32.290 AUDIO stage segment=15-2 index=2/5 duration=6.05
14:40:32.290 AUDIO stage reused segment=15-2
14:40:32.322 VIEWPORT follow source=text from=1744 to=1803 target=2370 height=715 animated=Y
14:40:32.323 AUDIO ready segment=15-2 duration=6.05 auto=Y
14:40:32.323 AUDIO state reason=time-control actual=paused waiting=Y rate=1.25 segment=15-2
14:40:32.348 AUDIO state reason=time-control actual=playing waiting=N rate=1.25 segment=15-2
14:40:35.804 TTS clone response request=cr2-93e2550eacf170fed8c082a2c18d74125c9065d2821bd9d93345452455460788 status=200 quota=async attempt=1 remaining=6324
14:40:35.815 READ segment ready para=15 seg=5 count=6 duration=6.62
14:40:35.815 AUDIO enqueue segment=15-5 queue=6 waiting=N auto=Y
14:40:35.823 READ prefetch done para=15 epoch=4 segs=6 promoted=true
14:40:35.823 TEXT refocus read para=15 token=4
14:40:37.259 AUDIO item finished segment=15-2 index=2/6
14:40:37.259 AUDIO advance segment from=15-2 to=15-3
14:40:37.260 AUDIO stage segment=15-3 index=3/6 duration=4.54
14:40:37.297 AUDIO ready segment=15-3 duration=4.54 auto=Y
14:40:37.318 AUDIO state reason=time-control actual=paused waiting=Y rate=1.25 segment=15-3
14:40:37.351 AUDIO state reason=time-control actual=playing waiting=N rate=1.25 segment=15-3
14:40:41.019 AUDIO item finished segment=15-3 index=3/6
14:40:41.020 AUDIO advance segment from=15-3 to=15-4
14:40:41.021 AUDIO stage segment=15-4 index=4/6 duration=3.82
14:40:41.057 VIEWPORT follow source=text from=1803 to=1833 target=2429 height=715 animated=Y
14:40:41.058 AUDIO ready segment=15-4 duration=3.82 auto=Y
14:40:41.058 AUDIO state reason=time-control actual=paused waiting=Y rate=1.25 segment=15-4
14:40:41.083 AUDIO state reason=time-control actual=playing waiting=N rate=1.25 segment=15-4
14:40:43.848 READ voice switch begin from=vc_12e286594652455dae539cabbf93c2c0 to=zf_001 para=15 auto=true requested=true userPaused=false
14:40:43.858 READ checkpoint saved source=text item=431ce4538db8 para=15 seg=4 time=3.415434271 offset=91 visual=true reflow=false word=- fraction=0.0
14:40:43.862 READ generate start para=15 epoch=5 chars=133
14:40:43.863 AUDIO producer expected=Y owner=readAloud gen=4 segment=nil
14:40:43.863 READ voice switch suffix para=15 skippedChars=91 requestChars=42
14:40:43.927 TEXT refocus read para=15 token=4
14:40:43.927 TTS part begin para=15 part=4 request=89C21AD5-3064-420B-8C47-4362CA525214 priority=interactive
14:40:43.928 TTS schedule dispatch request=89C21AD5-3064-420B-8C47-4362CA525214 priority=interactive queueMs=0 active=1 pending=0
14:40:46.020 TTS network request=89C21AD5-3064-420B-8C47-4362CA525214 transaction=0 protocol=h2 reused=false setupMs=51 firstByteMs=584 downloadMs=1454 totalMs=2091
14:40:46.022 TTS transport response request=89C21AD5-3064-420B-8C47-4362CA525214 host=api.castreader.cn status=200 bytes=77450 elapsedMs=2093 fallback=false
14:40:46.026 READ segment ready para=15 seg=4 count=5 duration=3.62
14:40:46.031 AUDIO stage segment=15-4 index=0/1 duration=3.62
14:40:46.048 READ resume audio para=15 seg=4 time=3.2559237998364776
14:40:46.049 READ voice switch finished para=15
14:40:46.090 TTS part begin para=15 part=5 request=4BD7F373-9D7A-4AE5-AEE0-21043487EF27 priority=interactive
14:40:46.091 VIEWPORT follow source=text from=1773 to=1803 target=2429 height=715 animated=Y
14:40:46.091 TTS schedule dispatch request=4BD7F373-9D7A-4AE5-AEE0-21043487EF27 priority=interactive queueMs=0 active=1 pending=0
14:40:46.092 TEXT refocus read para=15 token=4
14:40:46.106 AUDIO ready segment=15-4 duration=3.62 auto=Y
14:40:46.125 AUDIO state reason=time-control actual=paused waiting=Y rate=1.25 segment=15-4
14:40:46.148 AUDIO state reason=time-control actual=playing waiting=N rate=1.25 segment=15-4
14:40:46.233 READ resume first-play source=text item=431ce4538db8 para=15 time=3.300574791 word=- fraction=0.0
14:40:46.499 AUDIO item finished segment=15-4 index=0/1
14:40:46.499 AUDIO queue drained while producer active segment=15-4
14:40:48.614 TTS network request=4BD7F373-9D7A-4AE5-AEE0-21043487EF27 transaction=0 protocol=h2 reused=true setupMs=0 firstByteMs=900 downloadMs=1620 totalMs=2521
14:40:48.617 TTS transport response request=4BD7F373-9D7A-4AE5-AEE0-21043487EF27 host=api.castreader.cn status=200 bytes=129162 elapsedMs=2524 fallback=false
14:40:48.622 READ segment ready para=15 seg=5 count=6 duration=6.05
14:40:48.623 AUDIO enqueue segment=15-5 queue=2 waiting=Y auto=Y
14:40:48.627 AUDIO stage segment=15-5 index=1/2 duration=6.05
14:40:48.684 VIEWPORT follow source=text from=1803 to=1833 target=2458 height=715 animated=Y
14:40:48.685 TEXT refocus read para=15 token=4
14:40:48.685 READ generate done para=15 epoch=5 segs=6
14:40:48.704 AUDIO ready segment=15-5 duration=6.05 auto=Y
14:40:48.725 AUDIO state reason=time-control actual=paused waiting=Y rate=1.25 segment=15-5
14:40:48.762 AUDIO state reason=time-control actual=playing waiting=N rate=1.25 segment=15-5
14:40:53.639 AUDIO item finished segment=15-5 index=1/2
14:40:53.639 AUDIO queue complete segment=15-5 queue=2
14:40:53.639 READ completion accepted para=15 status=ready
14:40:53.640 READ advance from=15 readable=16 status=ready prefetching=- prefetched=-
14:40:53.640 READ document finished para=15 readable=16
14:40:53.651 READ checkpoint saved source=text item=431ce4538db8 para=15 seg=5 time=6.048 offset=107 visual=true reflow=false word=- fraction=0.0
14:40:57.892 READ checkpoint saved source=text item=431ce4538db8 para=15 seg=5 time=6.048 offset=107 visual=true reflow=false word=- fraction=0.0
14:40:57.924 READ checkpoint saved source=text item=431ce4538db8 para=15 seg=5 time=6.048 offset=107 visual=true reflow=false word=- fraction=0.0
14:40:57.962 ORIENTATION current owner=document-player mask=2
    identity = b81cd8ca;
    kind = cover;
    reason = "visible-flyleaf";
